[{"url": "http://fieldlab.westeurope.cloudapp.azure.com/catalogi/api/v1/resultaattypen/13e1c201-4277-416a-8d47-fa17f0a8bec3", "zaaktype": "http://fieldlab.westeurope.cloudapp.azure.com/catalogi/api/v1/zaaktypen/8a0ecb65-c3fd-4110-8599-297f84236ae5", "omschrijving": "Afgebroken", "resultaattypeomschrijving": "https://referentielijsten-api.vng.cloud/api/v1/resultaattypeomschrijvingen/e6a0c939-3404-45b0-88e3-76c94fb80ea7", "omschrijving_generiek": "Afgewezen", "selectielijstklasse": "https://referentielijsten-api.vng.cloud/api/v1/resultaten/cc5ae4e3-a9e6-4386-bcee-46be4986a829", "toelichting": "", "archiefnominatie": "vernietigen", "archiefactietermijn": "P10Y", "brondatum_archiefprocedure": {"afleidingswijze": "afgehandeld", "datumkenmerk": "", "einddatum_bekend": false, "objecttype": "", "registratie": "", "procestermijn": null}}, {"url": "http://fieldlab.westeurope.cloudapp.azure.com/catalogi/api/v1/resultaattypen/6626a4f2-2ef3-4f15-bdee-8c61e204bddc", "zaaktype": "http://fieldlab.westeurope.cloudapp.azure.com/catalogi/api/v1/zaaktypen/8a0ecb65-c3fd-4110-8599-297f84236ae5", "omschrijving": "Afgewezen", "resultaattypeomschrijving": "https://referentielijsten-api.vng.cloud/api/v1/resultaattypeomschrijvingen/e6a0c939-3404-45b0-88e3-76c94fb80ea7", "omschrijving_generiek": "Afgewezen", "selectielijstklasse": "https://referentielijsten-api.vng.cloud/api/v1/resultaten/cc5ae4e3-a9e6-4386-bcee-46be4986a829", "toelichting": "", "archiefnominatie": "vernietigen", "archiefactietermijn": "P10Y", "brondatum_archiefprocedure": {"afleidingswijze": "afgehandeld", "datumkenmerk": "", "einddatum_bekend": false, "objecttype": "", "registratie": "", "procestermijn": null}}, {"url": "http://fieldlab.westeurope.cloudapp.azure.com/catalogi/api/v1/resultaattypen/3e387504-0ce3-4021-abba-b0f0748ea6be", "zaaktype": "http://fieldlab.westeurope.cloudapp.azure.com/catalogi/api/v1/zaaktypen/8a0ecb65-c3fd-4110-8599-297f84236ae5", "omschrijving": "Toegekend", "resultaattypeomschrijving": "https://referentielijsten-api.vng.cloud/api/v1/resultaattypeomschrijvingen/e6a0c939-3404-45b0-88e3-76c94fb80ea7", "omschrijving_generiek": "Afgewezen", "selectielijstklasse": "https://referentielijsten-api.vng.cloud/api/v1/resultaten/cc5ae4e3-a9e6-4386-bcee-46be4986a829", "toelichting": "", "archiefnominatie": "vernietigen", "archiefactietermijn": "P10Y", "brondatum_archiefprocedure": {"afleidingswijze": "afgehandeld", "datumkenmerk": "", "einddatum_bekend": false, "objecttype": "", "registratie": "", "procestermijn": null}}, {"url": "http://fieldlab.westeurope.cloudapp.azure.com/catalogi/api/v1/resultaattypen/610b1259-2c7b-413d-b93b-8a861963b69c", "zaaktype": "http://fieldlab.westeurope.cloudapp.azure.com/catalogi/api/v1/zaaktypen/8a0ecb65-c3fd-4110-8599-297f84236ae5", "omschrijving": "Buiten behandeling g", "resultaattypeomschrijving": "https://referentielijsten-api.vng.cloud/api/v1/resultaattypeomschrijvingen/e6a0c939-3404-45b0-88e3-76c94fb80ea7", "omschrijving_generiek": "Afgewezen", "selectielijstklasse": "https://referentielijsten-api.vng.cloud/api/v1/resultaten/cc5ae4e3-a9e6-4386-bcee-46be4986a829", "toelichting": "", "archiefnominatie": "vernietigen", "archiefactietermijn": "P10Y", "brondatum_archiefprocedure": {"afleidingswijze": "afgehandeld", "datumkenmerk": "", "einddatum_bekend": false, "objecttype": "", "registratie": "", "procestermijn": null}}]