[{"url": "http://fieldlab.westeurope.cloudapp.azure.com/catalogi/api/v1/statustypen/9a11d084-605c-4f3e-8401-2658f6c44dc2", "omschrijving": "Ingetrokken", "omschrijving_generiek": "", "statustekst": "", "zaaktype": "http://fieldlab.westeurope.cloudapp.azure.com/catalogi/api/v1/zaaktypen/8a0ecb65-c3fd-4110-8599-297f84236ae5", "volgnummer": 8, "is_eindstatus": true, "informeren": false}, {"url": "http://fieldlab.westeurope.cloudapp.azure.com/catalogi/api/v1/statustypen/8a47915c-6ff2-455d-9f7a-7d976f9628af", "omschrijving": "Besluitvorming afgerond", "omschrijving_generiek": "", "statustekst": "Deze status markeert dat er een besluit is genomen.", "zaaktype": "http://fieldlab.westeurope.cloudapp.azure.com/catalogi/api/v1/zaaktypen/8a0ecb65-c3fd-4110-8599-297f84236ae5", "volgnummer": 7, "is_eindstatus": false, "informeren": false}, {"url": "http://fieldlab.westeurope.cloudapp.azure.com/catalogi/api/v1/statustypen/11a7c5ab-9b39-47f4-bd10-dadedc3938d4", "omschrijving": "Voorstel voor besluitvorming opgesteld", "omschrijving_generiek": "", "statustekst": "Deze status markeert dat er een concept-besluit is opgesteld.", "zaaktype": "http://fieldlab.westeurope.cloudapp.azure.com/catalogi/api/v1/zaaktypen/8a0ecb65-c3fd-4110-8599-297f84236ae5", "volgnummer": 6, "is_eindstatus": false, "informeren": false}, {"url": "http://fieldlab.westeurope.cloudapp.azure.com/catalogi/api/v1/statustypen/1c3124fa-db88-459d-bee7-f1948d3fc780", "omschrijving": "Onderzoek afgerond", "omschrijving_generiek": "", "statustekst": "Deze status markeert dat de benodigde onderzoeken zijn afgerond.", "zaaktype": "http://fieldlab.westeurope.cloudapp.azure.com/catalogi/api/v1/zaaktypen/8a0ecb65-c3fd-4110-8599-297f84236ae5", "volgnummer": 5, "is_eindstatus": false, "informeren": false}, {"url": "http://fieldlab.westeurope.cloudapp.azure.com/catalogi/api/v1/statustypen/92988b9a-b051-4c83-a6fd-ec515da5d73a", "omschrijving": "Afgehandeld", "omschrijving_generiek": "", "statustekst": "Deze status markeert dat de zaak is afgesloten.", "zaaktype": "http://fieldlab.westeurope.cloudapp.azure.com/catalogi/api/v1/zaaktypen/8a0ecb65-c3fd-4110-8599-297f84236ae5", "volgnummer": 4, "is_eindstatus": false, "informeren": false}, {"url": "http://fieldlab.westeurope.cloudapp.azure.com/catalogi/api/v1/statustypen/c8572fcb-5dc9-4d08-82e0-5d858a79fbac", "omschrijving": "In behandeling genomen", "omschrijving_generiek": "", "statustekst": "Deze status markeert dat de zaak is toegekend aan een behandelaar.", "zaaktype": "http://fieldlab.westeurope.cloudapp.azure.com/catalogi/api/v1/zaaktypen/8a0ecb65-c3fd-4110-8599-297f84236ae5", "volgnummer": 3, "is_eindstatus": false, "informeren": false}, {"url": "http://fieldlab.westeurope.cloudapp.azure.com/catalogi/api/v1/statustypen/afd7999b-d304-4acd-b1e2-a2fe714669f1", "omschrijving": "Geaccepteerd", "omschrijving_generiek": "", "statustekst": "Deze status markeert dat de behandelende afdeling de zaak heeft geaccepteerd.", "zaaktype": "http://fieldlab.westeurope.cloudapp.azure.com/catalogi/api/v1/zaaktypen/8a0ecb65-c3fd-4110-8599-297f84236ae5", "volgnummer": 2, "is_eindstatus": false, "informeren": false}, {"url": "http://fieldlab.westeurope.cloudapp.azure.com/catalogi/api/v1/statustypen/0af4c8a5-3bb6-4211-b99f-d31c106dec40", "omschrijving": "Ontvangen", "omschrijving_generiek": "", "statustekst": "Deze status markeert dat het startdocument van de zaak is geregistreerd.", "zaaktype": "http://fieldlab.westeurope.cloudapp.azure.com/catalogi/api/v1/zaaktypen/8a0ecb65-c3fd-4110-8599-297f84236ae5", "volgnummer": 1, "is_eindstatus": false, "informeren": false}]