[{"url": "http://test.openzaak.nl/catalogi/api/v1/roltypen/59a03b7a-ac19-410c-996b-1dfe3e81324e", "zaaktype": "http://test.openzaak.nl/catalogi/api/v1/zaaktypen/0ca6b0b2-3394-4881-bada-6e8a68ec910e", "omschrijving": "Behandelaar", "omschrijving_generiek": "behandelaar"}, {"url": "http://test.openzaak.nl/catalogi/api/v1/roltypen/73b14771-eb54-480c-859d-b9dd10af15e7", "zaaktype": "http://test.openzaak.nl/catalogi/api/v1/zaaktypen/0ca6b0b2-3394-4881-bada-6e8a68ec910e", "omschrijving": "Initiator", "omschrijving_generiek": "initiator"}, {"url": "http://test.openzaak.nl/catalogi/api/v1/roltypen/0ac4b723-e7c3-4d97-bf74-90d34b3c666d", "zaaktype": "http://test.openzaak.nl/catalogi/api/v1/zaaktypen/0ca6b0b2-3394-4881-bada-6e8a68ec910e", "omschrijving": "Uitvoerende", "omschrijving_generiek": "beslisser"}, {"url": "http://test.openzaak.nl/catalogi/api/v1/roltypen/93986b87-d949-4437-a4c9-f2f0514d600e", "zaaktype": "http://test.openzaak.nl/catalogi/api/v1/zaaktypen/3b8c4c95-6308-4dac-a188-123cf3059ba1", "omschrijving": "BetrekkingOp", "omschrijving_generiek": "belanghebbende"}, {"url": "http://test.openzaak.nl/catalogi/api/v1/roltypen/1ead79f9-0847-4caa-867b-f6310fb5217f", "zaaktype": "http://test.openzaak.nl/catalogi/api/v1/zaaktypen/3b8c4c95-6308-4dac-a188-123cf3059ba1", "omschrijving": "Verantwoordelijke", "omschrijving_generiek": "beslisser"}, {"url": "http://test.openzaak.nl/catalogi/api/v1/roltypen/a4e301b6-5bad-48c0-972c-18b061286d93", "zaaktype": "http://test.openzaak.nl/catalogi/api/v1/zaaktypen/3b8c4c95-6308-4dac-a188-123cf3059ba1", "omschrijving": "Uitvoerende", "omschrijving_generiek": "belanghebbende"}, {"url": "http://test.openzaak.nl/catalogi/api/v1/roltypen/048cc16c-5846-49ff-900c-a9e063711418", "zaaktype": "http://test.openzaak.nl/catalogi/api/v1/zaaktypen/3b8c4c95-6308-4dac-a188-123cf3059ba1", "omschrijving": "Initiator", "omschrijving_generiek": "initiator"}, {"url": "http://test.openzaak.nl/catalogi/api/v1/roltypen/ccf4c5a6-9eba-421a-a043-8dad8c6b8a64", "zaaktype": "http://test.openzaak.nl/catalogi/api/v1/zaaktypen/3b8c4c95-6308-4dac-a188-123cf3059ba1", "omschrijving": "Belanghebbende", "omschrijving_generiek": "belanghebbende"}, {"url": "http://test.openzaak.nl/catalogi/api/v1/roltypen/7f106b58-5956-42e1-ae90-4898e306432c", "zaaktype": "http://test.openzaak.nl/catalogi/api/v1/zaaktypen/7a46965f-14a6-4ff7-9975-aabe6936fca5", "omschrijving": "Initiator", "omschrijving_generiek": "initiator"}, {"url": "http://test.openzaak.nl/catalogi/api/v1/roltypen/9839a0a1-e1d8-460f-ace3-702df57fd714", "zaaktype": "http://test.openzaak.nl/catalogi/api/v1/zaaktypen/7a46965f-14a6-4ff7-9975-aabe6936fca5", "omschrijving": "Uitvoerende", "omschrijving_generiek": "behandelaar"}, {"url": "http://test.openzaak.nl/catalogi/api/v1/roltypen/7b727bbc-dfcd-4ae1-87f0-14bbbc60d0f3", "zaaktype": "http://test.openzaak.nl/catalogi/api/v1/zaaktypen/fa932680-0c13-40cd-a098-e5928291019d", "omschrijving": "Uitvoerende", "omschrijving_generiek": "behandelaar"}, {"url": "http://test.openzaak.nl/catalogi/api/v1/roltypen/4b3af5a1-405e-4a6d-9a45-4e47fec66923", "zaaktype": "http://test.openzaak.nl/catalogi/api/v1/zaaktypen/fa932680-0c13-40cd-a098-e5928291019d", "omschrijving": "Initiator", "omschrijving_generiek": "initiator"}, {"url": "http://test.openzaak.nl/catalogi/api/v1/roltypen/d7636a39-355c-4701-9ae3-4fe0c8bc2a87", "zaaktype": "http://test.openzaak.nl/catalogi/api/v1/zaaktypen/30aa14e5-1da1-4bcb-b1ad-b059eb5d6c7c", "omschrijving": "Behandelaar", "omschrijving_generiek": "behandelaar"}, {"url": "http://test.openzaak.nl/catalogi/api/v1/roltypen/b6aee509-cffe-4f35-acd4-88c0177aac7e", "zaaktype": "http://test.openzaak.nl/catalogi/api/v1/zaaktypen/30aa14e5-1da1-4bcb-b1ad-b059eb5d6c7c", "omschrijving": "Initiator", "omschrijving_generiek": "initiator"}]