[{"url": "http://test.openzaak.nl/catalogi/api/v1/statustypen/e943cfc8-53ff-427a-af54-d3ed6f5cec6e", "omschrijving": "Afgehandeld", "omschrijving_generiek": "Afgehandeld", "statustekst": "", "zaaktype": "http://test.openzaak.nl/catalogi/api/v1/zaaktypen/0ca6b0b2-3394-4881-bada-6e8a68ec910e", "volgnummer": 5, "is_eindstatus": true, "informeren": false}, {"url": "http://test.openzaak.nl/catalogi/api/v1/statustypen/c890a562-d827-478e-b979-ac9e0bd526bc", "omschrijving": "Uitvoering afgerond", "omschrijving_generiek": "Uitvoering afgerond", "statustekst": "", "zaaktype": "http://test.openzaak.nl/catalogi/api/v1/zaaktypen/0ca6b0b2-3394-4881-bada-6e8a68ec910e", "volgnummer": 4, "is_eindstatus": false, "informeren": false}, {"url": "http://test.openzaak.nl/catalogi/api/v1/statustypen/178f29fe-1f70-4660-88fa-0718cef46aab", "omschrijving": "In behandeling genomen", "omschrijving_generiek": "In behandeling genomen", "statustekst": "", "zaaktype": "http://test.openzaak.nl/catalogi/api/v1/zaaktypen/0ca6b0b2-3394-4881-bada-6e8a68ec910e", "volgnummer": 3, "is_eindstatus": false, "informeren": false}, {"url": "http://test.openzaak.nl/catalogi/api/v1/statustypen/2649c94f-aa7e-4182-ac9e-ef7d767550da", "omschrijving": "Geregistreerd", "omschrijving_generiek": "Geregistreerd", "statustekst": "", "zaaktype": "http://test.openzaak.nl/catalogi/api/v1/zaaktypen/0ca6b0b2-3394-4881-bada-6e8a68ec910e", "volgnummer": 2, "is_eindstatus": false, "informeren": false}, {"url": "http://test.openzaak.nl/catalogi/api/v1/statustypen/7916cd78-baf7-4aaf-9cb0-547b2b137d91", "omschrijving": "Geaccepteerd", "omschrijving_generiek": "Geaccepteerd", "statustekst": "", "zaaktype": "http://test.openzaak.nl/catalogi/api/v1/zaaktypen/0ca6b0b2-3394-4881-bada-6e8a68ec910e", "volgnummer": 1, "is_eindstatus": false, "informeren": false}, {"url": "http://test.openzaak.nl/catalogi/api/v1/statustypen/8c4355fa-0e23-4c65-9f7d-c3e576b38214", "omschrijving": "Afgehandeld", "omschrijving_generiek": "Afgehandeld", "statustekst": "", "zaaktype": "http://test.openzaak.nl/catalogi/api/v1/zaaktypen/3b8c4c95-6308-4dac-a188-123cf3059ba1", "volgnummer": 10, "is_eindstatus": true, "informeren": false}, {"url": "http://test.openzaak.nl/catalogi/api/v1/statustypen/9740a4cb-f6e3-4c80-8ef1-be5ebb6c405d", "omschrijving": "Besluitvorming afgerond", "omschrijving_generiek": "Besluitvorming afgerond", "statustekst": "", "zaaktype": "http://test.openzaak.nl/catalogi/api/v1/zaaktypen/3b8c4c95-6308-4dac-a188-123cf3059ba1", "volgnummer": 7, "is_eindstatus": false, "informeren": false}, {"url": "http://test.openzaak.nl/catalogi/api/v1/statustypen/61c2e92d-9186-490a-9da6-48940e36d3e9", "omschrijving": "Voorstel voor besluitvorming opgesteld", "omschrijving_generiek": "Voorstel voor besluitvorming opgesteld", "statustekst": "", "zaaktype": "http://test.openzaak.nl/catalogi/api/v1/zaaktypen/3b8c4c95-6308-4dac-a188-123cf3059ba1", "volgnummer": 6, "is_eindstatus": false, "informeren": false}, {"url": "http://test.openzaak.nl/catalogi/api/v1/statustypen/ca960c98-d038-4fcd-bdf2-56c3a6826f67", "omschrijving": "Onderzoek afgerond", "omschrijving_generiek": "Onderzoek afgerond", "statustekst": "", "zaaktype": "http://test.openzaak.nl/catalogi/api/v1/zaaktypen/3b8c4c95-6308-4dac-a188-123cf3059ba1", "volgnummer": 5, "is_eindstatus": false, "informeren": false}, {"url": "http://test.openzaak.nl/catalogi/api/v1/statustypen/67117246-5bed-4d08-a7ac-ff61e6722e7c", "omschrijving": "In behandeling genomen", "omschrijving_generiek": "In behandeling genomen", "statustekst": "", "zaaktype": "http://test.openzaak.nl/catalogi/api/v1/zaaktypen/3b8c4c95-6308-4dac-a188-123cf3059ba1", "volgnummer": 3, "is_eindstatus": false, "informeren": false}, {"url": "http://test.openzaak.nl/catalogi/api/v1/statustypen/810b8bad-c4a3-4774-9909-5747f8978035", "omschrijving": "Geaccepteerd", "omschrijving_generiek": "Geaccepteerd", "statustekst": "", "zaaktype": "http://test.openzaak.nl/catalogi/api/v1/zaaktypen/3b8c4c95-6308-4dac-a188-123cf3059ba1", "volgnummer": 2, "is_eindstatus": false, "informeren": false}, {"url": "http://test.openzaak.nl/catalogi/api/v1/statustypen/79bc972d-235f-4197-9d75-3deb171dadbc", "omschrijving": "Ontvangen", "omschrijving_generiek": "Ontvangen", "statustekst": "", "zaaktype": "http://test.openzaak.nl/catalogi/api/v1/zaaktypen/3b8c4c95-6308-4dac-a188-123cf3059ba1", "volgnummer": 1, "is_eindstatus": false, "informeren": false}, {"url": "http://test.openzaak.nl/catalogi/api/v1/statustypen/50f67f35-53b9-487f-8afd-d9e920aa057d", "omschrijving": "Afgehandeld", "omschrijving_generiek": "Afgehandeld", "statustekst": "", "zaaktype": "http://test.openzaak.nl/catalogi/api/v1/zaaktypen/7a46965f-14a6-4ff7-9975-aabe6936fca5", "volgnummer": 8, "is_eindstatus": true, "informeren": false}, {"url": "http://test.openzaak.nl/catalogi/api/v1/statustypen/ad747ffb-9afc-4b90-8075-b0659ac1b53f", "omschrijving": "Gereed om af te halen op locatie Bolsward", "omschrijving_generiek": "Gereed om af te halen op locatie Bolsward", "statustekst": "", "zaaktype": "http://test.openzaak.nl/catalogi/api/v1/zaaktypen/7a46965f-14a6-4ff7-9975-aabe6936fca5", "volgnummer": 7, "is_eindstatus": false, "informeren": false}, {"url": "http://test.openzaak.nl/catalogi/api/v1/statustypen/afa99dfa-8e19-4502-9640-a1aef6b99142", "omschrijving": "Gereed om af te halen op locatie Sneek", "omschrijving_generiek": "Gereed om af te halen op locatie Sneek", "statustekst": "", "zaaktype": "http://test.openzaak.nl/catalogi/api/v1/zaaktypen/7a46965f-14a6-4ff7-9975-aabe6936fca5", "volgnummer": 6, "is_eindstatus": false, "informeren": false}, {"url": "http://test.openzaak.nl/catalogi/api/v1/statustypen/d754a925-8566-4977-b4ae-87563e99bfa2", "omschrijving": "Rijbewijs in productie", "omschrijving_generiek": "Rijbewijs in productie", "statustekst": "", "zaaktype": "http://test.openzaak.nl/catalogi/api/v1/zaaktypen/7a46965f-14a6-4ff7-9975-aabe6936fca5", "volgnummer": 5, "is_eindstatus": false, "informeren": false}, {"url": "http://test.openzaak.nl/catalogi/api/v1/statustypen/e852b2b7-f7ef-4d98-95a6-04a2169ac9ee", "omschrijving": "Aanvraag in behandeling genomen bij RDW", "omschrijving_generiek": "Aanvraag in behandeling genomen bij RDW", "statustekst": "", "zaaktype": "http://test.openzaak.nl/catalogi/api/v1/zaaktypen/7a46965f-14a6-4ff7-9975-aabe6936fca5", "volgnummer": 4, "is_eindstatus": false, "informeren": false}, {"url": "http://test.openzaak.nl/catalogi/api/v1/statustypen/f9840455-925d-40e9-8091-969fa7f3dbb9", "omschrijving": "Geregistreerd door RDW", "omschrijving_generiek": "Geregistreerd door RDW", "statustekst": "", "zaaktype": "http://test.openzaak.nl/catalogi/api/v1/zaaktypen/7a46965f-14a6-4ff7-9975-aabe6936fca5", "volgnummer": 3, "is_eindstatus": false, "informeren": false}, {"url": "http://test.openzaak.nl/catalogi/api/v1/statustypen/ba08f679-8ed3-4d97-b866-776799794133", "omschrijving": "Aanvraag verstuurd naar RDW", "omschrijving_generiek": "Aanvraag verstuurd naar RDW", "statustekst": "", "zaaktype": "http://test.openzaak.nl/catalogi/api/v1/zaaktypen/7a46965f-14a6-4ff7-9975-aabe6936fca5", "volgnummer": 2, "is_eindstatus": false, "informeren": false}, {"url": "http://test.openzaak.nl/catalogi/api/v1/statustypen/ec84d039-4552-490e-be3c-5ed7a0a1be69", "omschrijving": "Aanvraag in behandeling genomen", "omschrijving_generiek": "Aanvraag in behandeling genomen", "statustekst": "", "zaaktype": "http://test.openzaak.nl/catalogi/api/v1/zaaktypen/7a46965f-14a6-4ff7-9975-aabe6936fca5", "volgnummer": 1, "is_eindstatus": false, "informeren": false}, {"url": "http://test.openzaak.nl/catalogi/api/v1/statustypen/898dec19-c0b1-400f-a78e-f4433f77227b", "omschrijving": "Afgehandeld", "omschrijving_generiek": "Afgehandeld", "statustekst": "", "zaaktype": "http://test.openzaak.nl/catalogi/api/v1/zaaktypen/fa932680-0c13-40cd-a098-e5928291019d", "volgnummer": 8, "is_eindstatus": true, "informeren": false}, {"url": "http://test.openzaak.nl/catalogi/api/v1/statustypen/68f44679-5054-4f40-8bfe-91209f802f80", "omschrijving": "Gereed om af te halen op locatie Bolsward", "omschrijving_generiek": "Gereed om af te halen op locatie Bolsward", "statustekst": "", "zaaktype": "http://test.openzaak.nl/catalogi/api/v1/zaaktypen/fa932680-0c13-40cd-a098-e5928291019d", "volgnummer": 7, "is_eindstatus": false, "informeren": false}, {"url": "http://test.openzaak.nl/catalogi/api/v1/statustypen/350b304d-09d5-44b2-933b-467dbac9a658", "omschrijving": "Gereed om af te halen op locatie Sneek", "omschrijving_generiek": "Gereed om af te halen op locatie Sneek", "statustekst": "", "zaaktype": "http://test.openzaak.nl/catalogi/api/v1/zaaktypen/fa932680-0c13-40cd-a098-e5928291019d", "volgnummer": 6, "is_eindstatus": false, "informeren": false}, {"url": "http://test.openzaak.nl/catalogi/api/v1/statustypen/9542bdc3-790a-4ca6-8412-d0555be4927d", "omschrijving": "Rijbewijs in productie", "omschrijving_generiek": "Rijbewijs in productie", "statustekst": "", "zaaktype": "http://test.openzaak.nl/catalogi/api/v1/zaaktypen/fa932680-0c13-40cd-a098-e5928291019d", "volgnummer": 5, "is_eindstatus": false, "informeren": false}, {"url": "http://test.openzaak.nl/catalogi/api/v1/statustypen/28a8c38b-5de7-44a2-8c83-9f990d9e2c0f", "omschrijving": "Aanvraag in behandeling genomen bij RDW", "omschrijving_generiek": "Aanvraag in behandeling genomen bij RDW", "statustekst": "", "zaaktype": "http://test.openzaak.nl/catalogi/api/v1/zaaktypen/fa932680-0c13-40cd-a098-e5928291019d", "volgnummer": 4, "is_eindstatus": false, "informeren": false}, {"url": "http://test.openzaak.nl/catalogi/api/v1/statustypen/e24703b1-a31e-48d2-bfef-2c0916eaa90e", "omschrijving": "Geregistreerd door RDW", "omschrijving_generiek": "Geregistreerd door RDW", "statustekst": "", "zaaktype": "http://test.openzaak.nl/catalogi/api/v1/zaaktypen/fa932680-0c13-40cd-a098-e5928291019d", "volgnummer": 3, "is_eindstatus": false, "informeren": false}, {"url": "http://test.openzaak.nl/catalogi/api/v1/statustypen/f51f54d9-169d-41a0-a1d3-c12132a8d6a6", "omschrijving": "Aanvraag verstuurd naar RDW", "omschrijving_generiek": "Aanvraag verstuurd naar RDW", "statustekst": "", "zaaktype": "http://test.openzaak.nl/catalogi/api/v1/zaaktypen/fa932680-0c13-40cd-a098-e5928291019d", "volgnummer": 2, "is_eindstatus": false, "informeren": false}, {"url": "http://test.openzaak.nl/catalogi/api/v1/statustypen/a5cfde77-9831-4858-a0e1-ee8c2b070055", "omschrijving": "Aanvraag in behandeling genomen", "omschrijving_generiek": "Aanvraag in behandeling genomen", "statustekst": "", "zaaktype": "http://test.openzaak.nl/catalogi/api/v1/zaaktypen/fa932680-0c13-40cd-a098-e5928291019d", "volgnummer": 1, "is_eindstatus": false, "informeren": false}, {"url": "http://test.openzaak.nl/catalogi/api/v1/statustypen/d83e4988-ce52-4f19-b2bf-9095cc86ca18", "omschrijving": "Afgehandeld", "omschrijving_generiek": "Afgehandeld", "statustekst": "", "zaaktype": "http://test.openzaak.nl/catalogi/api/v1/zaaktypen/30aa14e5-1da1-4bcb-b1ad-b059eb5d6c7c", "volgnummer": 10, "is_eindstatus": true, "informeren": false}, {"url": "http://test.openzaak.nl/catalogi/api/v1/statustypen/f071f507-0ac4-4ed4-a810-36f6b09953c0", "omschrijving": "Ter inzage legging afgerond", "omschrijving_generiek": "Ter inzage legging afgerond", "statustekst": "", "zaaktype": "http://test.openzaak.nl/catalogi/api/v1/zaaktypen/30aa14e5-1da1-4bcb-b1ad-b059eb5d6c7c", "volgnummer": 9, "is_eindstatus": false, "informeren": false}, {"url": "http://test.openzaak.nl/catalogi/api/v1/statustypen/9a3149df-92a5-4636-b3de-69cd0761a9f7", "omschrijving": "Besluitvorming afgerond", "omschrijving_generiek": "Besluitvorming afgerond", "statustekst": "", "zaaktype": "http://test.openzaak.nl/catalogi/api/v1/zaaktypen/30aa14e5-1da1-4bcb-b1ad-b059eb5d6c7c", "volgnummer": 8, "is_eindstatus": false, "informeren": false}, {"url": "http://test.openzaak.nl/catalogi/api/v1/statustypen/a47c26c3-6b9c-4b85-9ccb-24d68239c1c5", "omschrijving": "Besluit genomen", "omschrijving_generiek": "Besluit genomen", "statustekst": "", "zaaktype": "http://test.openzaak.nl/catalogi/api/v1/zaaktypen/30aa14e5-1da1-4bcb-b1ad-b059eb5d6c7c", "volgnummer": 7, "is_eindstatus": false, "informeren": false}, {"url": "http://test.openzaak.nl/catalogi/api/v1/statustypen/6ba0aac0-3c61-4dd9-aaa1-7a166564e829", "omschrijving": "Voorstel voor besluitvorming opgesteld", "omschrijving_generiek": "Voorstel voor besluitvorming opgesteld", "statustekst": "", "zaaktype": "http://test.openzaak.nl/catalogi/api/v1/zaaktypen/30aa14e5-1da1-4bcb-b1ad-b059eb5d6c7c", "volgnummer": 6, "is_eindstatus": false, "informeren": false}, {"url": "http://test.openzaak.nl/catalogi/api/v1/statustypen/0ba1bead-263c-415e-8142-237cb97cd5bb", "omschrijving": "Voorstel voor besluitvorming", "omschrijving_generiek": "Voorstel voor besluitvorming", "statustekst": "", "zaaktype": "http://test.openzaak.nl/catalogi/api/v1/zaaktypen/30aa14e5-1da1-4bcb-b1ad-b059eb5d6c7c", "volgnummer": 5, "is_eindstatus": false, "informeren": false}, {"url": "http://test.openzaak.nl/catalogi/api/v1/statustypen/a2b9786f-d979-46f8-aa09-8619285bb2be", "omschrijving": "Intake afgerond", "omschrijving_generiek": "Intake afgerond", "statustekst": "", "zaaktype": "http://test.openzaak.nl/catalogi/api/v1/zaaktypen/30aa14e5-1da1-4bcb-b1ad-b059eb5d6c7c", "volgnummer": 4, "is_eindstatus": false, "informeren": false}, {"url": "http://test.openzaak.nl/catalogi/api/v1/statustypen/d887a873-0f50-4a9b-bfdb-1e11d0f3897d", "omschrijving": "In behandeling genomen", "omschrijving_generiek": "In behandeling genomen", "statustekst": "", "zaaktype": "http://test.openzaak.nl/catalogi/api/v1/zaaktypen/30aa14e5-1da1-4bcb-b1ad-b059eb5d6c7c", "volgnummer": 3, "is_eindstatus": false, "informeren": false}, {"url": "http://test.openzaak.nl/catalogi/api/v1/statustypen/183cf205-8d16-4dc8-9c95-f65b4fd7c6b4", "omschrijving": "Getoetst op indieningsvereisten", "omschrijving_generiek": "Getoetst op indieningsvereisten", "statustekst": "", "zaaktype": "http://test.openzaak.nl/catalogi/api/v1/zaaktypen/30aa14e5-1da1-4bcb-b1ad-b059eb5d6c7c", "volgnummer": 2, "is_eindstatus": false, "informeren": false}, {"url": "http://test.openzaak.nl/catalogi/api/v1/statustypen/9276f2fe-e0e7-48e9-9499-47c5a05d78ff", "omschrijving": "Geregistreerd", "omschrijving_generiek": "Geregistreerd", "statustekst": "", "zaaktype": "http://test.openzaak.nl/catalogi/api/v1/zaaktypen/30aa14e5-1da1-4bcb-b1ad-b059eb5d6c7c", "volgnummer": 1, "is_eindstatus": false, "informeren": false}]