[{"url": "http://test.openzaak.nl/catalogi/api/v1/zaaktypen/0ca6b0b2-3394-4881-bada-6e8a68ec910e", "identificatie": "LP00000014", "omschrijving": "Geautomatiseerde test", "omschrijving_generiek": "", "vertrouwelijkheidaanduiding": "intern", "doel": "Het uitvoeren van een periodieke test van een systeem of applicatie", "aanleiding": "Dit werkproces wordt intern getriggerd.", "toelichting": "Dit werkproces betreft het uitvoeren van een periodieke test van een systeem of applicatie. Het kan hierbij bijvoorbeeld gaan om het testen van de back-up-procedure, een koppeling tussen applicaties of om een zogeheten penetratietest (of pentest) om de kwetsbaarheden voor inbraak in een systeem of applicatie te testen. Indien de uitkomst van de test daar aanleiding toe geeft, zal een incidentmelding of een kwetsbaarheidmelding bij de IBD worden gedaan.", "indicatie_intern_of_extern": "intern", "handeling_initiator": "Melden", "onderwerp": "Periodieke test systeem of applicatie", "handeling_behandelaar": "Uitvoeren", "doorlooptijd": "P1D", "servicenorm": null, "opschorting_en_aanhouding_mogelijk": false, "verlenging_mogelijk": false, "verlengingstermijn": null, "trefwoorden": ["Geautomatiseerde test"], "publicatie_indicatie": false, "publicatietekst": "", "verantwoordingsrelatie": [], "producten_of_diensten": ["https://referentielijsten-api.vng.cloud/api/v1/procestypen/2f296607-9faa-41e1-800f-e8fcaf55b9c8"], "selectielijst_procestype": "https://selectielijst.openzaak.nl/api/v1/procestypen/d5f61062-8493-47b5-a8e3-b74f66c298e8", "referentieproces": {"naam": "Beheren automatisering", "link": "https://www.gemmaonline.nl/index.php/GEMMA2/0.9/id-e3aa69cd-6ad0-4535-83ee-ff1581207082"}, "catalogus": "http://test.openzaak.nl/catalogi/api/v1/catalogussen/683fd65a-7aeb-464f-b872-02cd3f8a5ae7", "statustypen": ["http://test.openzaak.nl/catalogi/api/v1/statustypen/e943cfc8-53ff-427a-af54-d3ed6f5cec6e", "http://test.openzaak.nl/catalogi/api/v1/statustypen/c890a562-d827-478e-b979-ac9e0bd526bc", "http://test.openzaak.nl/catalogi/api/v1/statustypen/178f29fe-1f70-4660-88fa-0718cef46aab", "http://test.openzaak.nl/catalogi/api/v1/statustypen/2649c94f-aa7e-4182-ac9e-ef7d767550da", "http://test.openzaak.nl/catalogi/api/v1/statustypen/7916cd78-baf7-4aaf-9cb0-547b2b137d91"], "resultaattypen": ["http://test.openzaak.nl/catalogi/api/v1/resultaattypen/f13628f2-5dc1-4851-95fa-e288bd524f04", "http://test.openzaak.nl/catalogi/api/v1/resultaattypen/48d40a6d-232d-4125-96fb-63002b644cd9"], "eigenschappen": [], "informatieobjecttypen": [], "roltypen": ["http://test.openzaak.nl/catalogi/api/v1/roltypen/0ac4b723-e7c3-4d97-bf74-90d34b3c666d", "http://test.openzaak.nl/catalogi/api/v1/roltypen/73b14771-eb54-480c-859d-b9dd10af15e7", "http://test.openzaak.nl/catalogi/api/v1/roltypen/59a03b7a-ac19-410c-996b-1dfe3e81324e"], "besluittypen": [], "deelzaaktypen": [], "gerelateerde_zaaktypen": [], "begin_geldigheid": "2021-03-29", "einde_geldigheid": null, "versiedatum": "2021-03-29", "concept": false}, {"url": "http://test.openzaak.nl/catalogi/api/v1/zaaktypen/3b8c4c95-6308-4dac-a188-123cf3059ba1", "identificatie": "B1026", "omschrijving": "Minimaregeling aanvraag", "omschrijving_generiek": "", "vertrouwelijkheidaanduiding": "vertrouwelijk", "doel": "Dit werkproces betreft het beoordelen van een aanvraag voor een minimaregeling. Een minimaregeling is een inkomensondersteunende voorziening voor mensen met een inkomen dat niet hoger is dan 110% van het sociaal minimum. De gemeente kan deze (gedeeltelijke) vergoeding toekennen voor kosten van witgoedapparatuur, kosten voor kinderen en kosten in verband met ouderdom, een handicap of chronische ziekte. Zie voor de minimaregeling voor de kosten in verband met een ziektekostenverzekering werkproces B1261 \"Collectieve aanvullende zorgverzekering\". Een omschrijving van hetgeen beoogd is te bereiken met een zaak van dit zaaktype.", "aanleiding": "Aanvraag", "toelichting": "", "indicatie_intern_of_extern": "intern", "handeling_initiator": "aanvragen", "onderwerp": "onderwerp", "handeling_behandelaar": "handelingBehandelaar", "doorlooptijd": "P30D", "servicenorm": null, "opschorting_en_aanhouding_mogelijk": true, "verlenging_mogelijk": false, "verlengingstermijn": null, "trefwoorden": [], "publicatie_indicatie": true, "publicatietekst": "", "verantwoordingsrelatie": [], "producten_of_diensten": ["https://test.openzaak.nl/admin/catalogi/zaaktype/add/?_changelist_filters=catalogus__id__exact%3D21&catalogus=21"], "selectielijst_procestype": "https://selectielijst.openzaak.nl/api/v1/procestypen/aa8aa2fd-b9c6-4e34-9a6c-58a677f60ea0", "referentieproces": {"naam": "Verzoeken behandelen", "link": "https://referentielijsten-api.vng.cloud/api/v1/procestypen/3030daa1-d516-4cd9-8276-ef0977e32b20"}, "catalogus": "http://test.openzaak.nl/catalogi/api/v1/catalogussen/683fd65a-7aeb-464f-b872-02cd3f8a5ae7", "statustypen": ["http://test.openzaak.nl/catalogi/api/v1/statustypen/8c4355fa-0e23-4c65-9f7d-c3e576b38214", "http://test.openzaak.nl/catalogi/api/v1/statustypen/9740a4cb-f6e3-4c80-8ef1-be5ebb6c405d", "http://test.openzaak.nl/catalogi/api/v1/statustypen/61c2e92d-9186-490a-9da6-48940e36d3e9", "http://test.openzaak.nl/catalogi/api/v1/statustypen/ca960c98-d038-4fcd-bdf2-56c3a6826f67", "http://test.openzaak.nl/catalogi/api/v1/statustypen/67117246-5bed-4d08-a7ac-ff61e6722e7c", "http://test.openzaak.nl/catalogi/api/v1/statustypen/810b8bad-c4a3-4774-9909-5747f8978035", "http://test.openzaak.nl/catalogi/api/v1/statustypen/79bc972d-235f-4197-9d75-3deb171dadbc"], "resultaattypen": ["http://test.openzaak.nl/catalogi/api/v1/resultaattypen/5320b740-0325-4420-8bf9-61d3b4c6a8f3", "http://test.openzaak.nl/catalogi/api/v1/resultaattypen/53202ec5-a300-4af3-a89f-d1fdede0a64b"], "eigenschappen": [], "informatieobjecttypen": ["http://test.openzaak.nl/catalogi/api/v1/informatieobjecttypen/c17964df-8777-4a13-8913-31a9bb37726a"], "roltypen": ["http://test.openzaak.nl/catalogi/api/v1/roltypen/ccf4c5a6-9eba-421a-a043-8dad8c6b8a64", "http://test.openzaak.nl/catalogi/api/v1/roltypen/048cc16c-5846-49ff-900c-a9e063711418", "http://test.openzaak.nl/catalogi/api/v1/roltypen/a4e301b6-5bad-48c0-972c-18b061286d93", "http://test.openzaak.nl/catalogi/api/v1/roltypen/1ead79f9-0847-4caa-867b-f6310fb5217f", "http://test.openzaak.nl/catalogi/api/v1/roltypen/93986b87-d949-4437-a4c9-f2f0514d600e"], "besluittypen": [], "deelzaaktypen": [], "gerelateerde_zaaktypen": [], "begin_geldigheid": "2021-03-29", "einde_geldigheid": null, "versiedatum": "2021-03-29", "concept": false}, {"url": "http://test.openzaak.nl/catalogi/api/v1/zaaktypen/7a46965f-14a6-4ff7-9975-aabe6936fca5", "identificatie": "B208", "omschrijving": "Aanvraag rijbewijs", "omschrijving_generiek": "Rijbewijs", "vertrouwelijkheidaanduiding": "vertrouwelijk", "doel": "Het behandelen van een aanvraag voor een rijbewijs", "aanleiding": "Dit werkproces wordt extern getriggerd door een inkomende aanvraag.", "toelichting": "NVVB-benaming 'Rijbewijzen'. Dit werkproces betreft het behandelen van een aanvraag voor een rijbewijs. 'NRD' staat voor Nieuw Rijbewijs Document en dit rijbewijs heeft een creditcardformaat.", "indicatie_intern_of_extern": "extern", "handeling_initiator": "Aanvragen", "onderwerp": "Rijbewijs", "handeling_behandelaar": "Behanderlen", "doorlooptijd": "P28D", "servicenorm": null, "opschorting_en_aanhouding_mogelijk": true, "verlenging_mogelijk": false, "verlengingstermijn": null, "trefwoorden": ["Rijbewijs"], "publicatie_indicatie": false, "publicatietekst": "", "verantwoordingsrelatie": [], "producten_of_diensten": ["https://referentielijsten-api.vng.cloud/api/v1/procestypen/3b29996b-bc3a-4493-ae35-e0de2926f007"], "selectielijst_procestype": "https://selectielijst.openzaak.nl/api/v1/procestypen/0f86ece3-f863-4c67-928e-cc71ad0e2318", "referentieproces": {"naam": "Behandelen aanvraag product", "link": "https://www.gemmaonline.nl/index.php/GEMMA2/0.9/id-49fe8555-b001-4c86-9a81-20491e16af75"}, "catalogus": "http://test.openzaak.nl/catalogi/api/v1/catalogussen/683fd65a-7aeb-464f-b872-02cd3f8a5ae7", "statustypen": ["http://test.openzaak.nl/catalogi/api/v1/statustypen/50f67f35-53b9-487f-8afd-d9e920aa057d", "http://test.openzaak.nl/catalogi/api/v1/statustypen/ad747ffb-9afc-4b90-8075-b0659ac1b53f", "http://test.openzaak.nl/catalogi/api/v1/statustypen/afa99dfa-8e19-4502-9640-a1aef6b99142", "http://test.openzaak.nl/catalogi/api/v1/statustypen/d754a925-8566-4977-b4ae-87563e99bfa2", "http://test.openzaak.nl/catalogi/api/v1/statustypen/e852b2b7-f7ef-4d98-95a6-04a2169ac9ee", "http://test.openzaak.nl/catalogi/api/v1/statustypen/f9840455-925d-40e9-8091-969fa7f3dbb9", "http://test.openzaak.nl/catalogi/api/v1/statustypen/ba08f679-8ed3-4d97-b866-776799794133", "http://test.openzaak.nl/catalogi/api/v1/statustypen/ec84d039-4552-490e-be3c-5ed7a0a1be69"], "resultaattypen": ["http://test.openzaak.nl/catalogi/api/v1/resultaattypen/41d9811e-0f3a-4230-b996-653937406997", "http://test.openzaak.nl/catalogi/api/v1/resultaattypen/f5d45c12-61d3-49c9-b86a-9cd0c64341e0", "http://test.openzaak.nl/catalogi/api/v1/resultaattypen/b4c0b3c8-02f7-43d9-8381-e92465b85df5", "http://test.openzaak.nl/catalogi/api/v1/resultaattypen/a51ec96d-3838-41a9-b382-50c5ca6cfe34", "http://test.openzaak.nl/catalogi/api/v1/resultaattypen/94d68d7a-47b4-4f78-8848-f6300e268b5c"], "eigenschappen": [], "informatieobjecttypen": [], "roltypen": ["http://test.openzaak.nl/catalogi/api/v1/roltypen/9839a0a1-e1d8-460f-ace3-702df57fd714", "http://test.openzaak.nl/catalogi/api/v1/roltypen/7f106b58-5956-42e1-ae90-4898e306432c"], "besluittypen": [], "deelzaaktypen": [], "gerelateerde_zaaktypen": [], "begin_geldigheid": "2021-04-03", "einde_geldigheid": "2021-04-03", "versiedatum": "2021-04-03", "concept": false}, {"url": "http://test.openzaak.nl/catalogi/api/v1/zaaktypen/fa932680-0c13-40cd-a098-e5928291019d", "identificatie": "B0208", "omschrijving": "Aanvraag rijbewijs", "omschrijving_generiek": "Rijbewijs", "vertrouwelijkheidaanduiding": "vertrouwelijk", "doel": "Het behandelen van een aanvraag voor een rijbewijs", "aanleiding": "Dit werkproces wordt extern getriggerd door een inkomende aanvraag.", "toelichting": "NVVB-benaming 'Rijbewijzen'. Dit werkproces betreft het behandelen van een aanvraag voor een rijbewijs. 'NRD' staat voor Nieuw Rijbewijs Document en dit rijbewijs heeft een creditcardformaat.", "indicatie_intern_of_extern": "extern", "handeling_initiator": "Aanvragen", "onderwerp": "Rijbewijs", "handeling_behandelaar": "Behanderlen", "doorlooptijd": "P28D", "servicenorm": null, "opschorting_en_aanhouding_mogelijk": true, "verlenging_mogelijk": false, "verlengingstermijn": null, "trefwoorden": ["Rijbewijs"], "publicatie_indicatie": false, "publicatietekst": "", "verantwoordingsrelatie": [], "producten_of_diensten": ["https://referentielijsten-api.vng.cloud/api/v1/procestypen/3b29996b-bc3a-4493-ae35-e0de2926f007"], "selectielijst_procestype": "https://selectielijst.openzaak.nl/api/v1/procestypen/0f86ece3-f863-4c67-928e-cc71ad0e2318", "referentieproces": {"naam": "Behandelen aanvraag product", "link": "https://www.gemmaonline.nl/index.php/GEMMA2/0.9/id-49fe8555-b001-4c86-9a81-20491e16af75"}, "catalogus": "http://test.openzaak.nl/catalogi/api/v1/catalogussen/683fd65a-7aeb-464f-b872-02cd3f8a5ae7", "statustypen": ["http://test.openzaak.nl/catalogi/api/v1/statustypen/898dec19-c0b1-400f-a78e-f4433f77227b", "http://test.openzaak.nl/catalogi/api/v1/statustypen/68f44679-5054-4f40-8bfe-91209f802f80", "http://test.openzaak.nl/catalogi/api/v1/statustypen/350b304d-09d5-44b2-933b-467dbac9a658", "http://test.openzaak.nl/catalogi/api/v1/statustypen/9542bdc3-790a-4ca6-8412-d0555be4927d", "http://test.openzaak.nl/catalogi/api/v1/statustypen/28a8c38b-5de7-44a2-8c83-9f990d9e2c0f", "http://test.openzaak.nl/catalogi/api/v1/statustypen/e24703b1-a31e-48d2-bfef-2c0916eaa90e", "http://test.openzaak.nl/catalogi/api/v1/statustypen/f51f54d9-169d-41a0-a1d3-c12132a8d6a6", "http://test.openzaak.nl/catalogi/api/v1/statustypen/a5cfde77-9831-4858-a0e1-ee8c2b070055"], "resultaattypen": ["http://test.openzaak.nl/catalogi/api/v1/resultaattypen/10a6b229-19e1-4025-b42d-4ec1a7461832", "http://test.openzaak.nl/catalogi/api/v1/resultaattypen/c3c96ef5-941f-4f6f-92de-694b28b3315a", "http://test.openzaak.nl/catalogi/api/v1/resultaattypen/d04d9f43-9fc6-4c08-b90a-b86df2fd5402", "http://test.openzaak.nl/catalogi/api/v1/resultaattypen/2dcecd46-d829-4ff4-9aa6-5f0bca098653", "http://test.openzaak.nl/catalogi/api/v1/resultaattypen/a89f75e5-3948-456b-9b69-aaf62d2e8056"], "eigenschappen": [], "informatieobjecttypen": [], "roltypen": ["http://test.openzaak.nl/catalogi/api/v1/roltypen/4b3af5a1-405e-4a6d-9a45-4e47fec66923", "http://test.openzaak.nl/catalogi/api/v1/roltypen/7b727bbc-dfcd-4ae1-87f0-14bbbc60d0f3"], "besluittypen": [], "deelzaaktypen": [], "gerelateerde_zaaktypen": [], "begin_geldigheid": "2021-04-03", "einde_geldigheid": null, "versiedatum": "2021-04-03", "concept": false}, {"url": "http://test.openzaak.nl/catalogi/api/v1/zaaktypen/30aa14e5-1da1-4bcb-b1ad-b059eb5d6c7c", "identificatie": "B1210", "omschrijving": "Omgevingsvergunning", "omschrijving_generiek": "Omgevingsvergunning", "vertrouwelijkheidaanduiding": "vertrouwelijk", "doel": "Het behandelen van een aanvraag voor een omgevingsvergunning", "aanleiding": "Dit werkproces wordt extern getriggerd door een inkomende aanvraag.", "toelichting": "Dit proces beschrijft de behandeling van de aanvraag voor een omgevingsvergunning met uitzondering van de beoordeling van de verschillende activiteiten waar de vergunning voor kan worden aangevraagd. Een aanvraag voor een omgevingsvergunning kan betrekking hebben op \u00e9\u00e9n of meerdere activiteiten. Zie voor de beoordeling van de verschillende activiteiten werkprocessen B1221 t/m B1232 en B1294 t/m B1297.", "indicatie_intern_of_extern": "extern", "handeling_initiator": "Aanvragen", "onderwerp": "Omgevingsvergunning", "handeling_behandelaar": "Behandelen", "doorlooptijd": "P56D", "servicenorm": null, "opschorting_en_aanhouding_mogelijk": true, "verlenging_mogelijk": true, "verlengingstermijn": "P42D", "trefwoorden": ["Omgevingsvergunning"], "publicatie_indicatie": false, "publicatietekst": "", "verantwoordingsrelatie": [], "producten_of_diensten": ["https://referentielijsten-api.vng.cloud/api/v1/procestypen/d1f8003f-df5a-4d32-b2bb-5f909e8552a2"], "selectielijst_procestype": "https://selectielijst.openzaak.nl/api/v1/procestypen/7ff2b005-4d84-47fe-983a-732bfa958ff5", "referentieproces": {"naam": "Behandelen aanvraag omgevingsvergunning", "link": "https://www.gemmaonline.nl/index.php/GEMMA2/0.9/id-7ffe31fc-4ecf-4b30-9dcb-af663f9d10a0"}, "catalogus": "http://test.openzaak.nl/catalogi/api/v1/catalogussen/683fd65a-7aeb-464f-b872-02cd3f8a5ae7", "statustypen": ["http://test.openzaak.nl/catalogi/api/v1/statustypen/d83e4988-ce52-4f19-b2bf-9095cc86ca18", "http://test.openzaak.nl/catalogi/api/v1/statustypen/f071f507-0ac4-4ed4-a810-36f6b09953c0", "http://test.openzaak.nl/catalogi/api/v1/statustypen/9a3149df-92a5-4636-b3de-69cd0761a9f7", "http://test.openzaak.nl/catalogi/api/v1/statustypen/a47c26c3-6b9c-4b85-9ccb-24d68239c1c5", "http://test.openzaak.nl/catalogi/api/v1/statustypen/6ba0aac0-3c61-4dd9-aaa1-7a166564e829", "http://test.openzaak.nl/catalogi/api/v1/statustypen/0ba1bead-263c-415e-8142-237cb97cd5bb", "http://test.openzaak.nl/catalogi/api/v1/statustypen/a2b9786f-d979-46f8-aa09-8619285bb2be", "http://test.openzaak.nl/catalogi/api/v1/statustypen/d887a873-0f50-4a9b-bfdb-1e11d0f3897d", "http://test.openzaak.nl/catalogi/api/v1/statustypen/183cf205-8d16-4dc8-9c95-f65b4fd7c6b4", "http://test.openzaak.nl/catalogi/api/v1/statustypen/9276f2fe-e0e7-48e9-9499-47c5a05d78ff"], "resultaattypen": ["http://test.openzaak.nl/catalogi/api/v1/resultaattypen/c7203ec0-80f9-43e1-b40e-30c9ae7edf48", "http://test.openzaak.nl/catalogi/api/v1/resultaattypen/02e06af9-6825-44ed-960b-7cc43eac5434", "http://test.openzaak.nl/catalogi/api/v1/resultaattypen/e3857382-5173-4830-b764-e8012d79218c", "http://test.openzaak.nl/catalogi/api/v1/resultaattypen/d27767c4-8015-4117-b818-2e64b356259a", "http://test.openzaak.nl/catalogi/api/v1/resultaattypen/7eef404f-aa9a-4bb7-97c8-7853ae19379f"], "eigenschappen": [], "informatieobjecttypen": [], "roltypen": ["http://test.openzaak.nl/catalogi/api/v1/roltypen/b6aee509-cffe-4f35-acd4-88c0177aac7e", "http://test.openzaak.nl/catalogi/api/v1/roltypen/d7636a39-355c-4701-9ae3-4fe0c8bc2a87"], "besluittypen": [], "deelzaaktypen": [], "gerelateerde_zaaktypen": [], "begin_geldigheid": "2021-04-03", "einde_geldigheid": null, "versiedatum": "2021-04-03", "concept": false}]