[{"url": "http://fieldlab.westeurope.cloudapp.azure.com/catalogi/api/v1/informatieobjecttypen/84a3aca4-58ca-465a-9f66-dfb5bbb84ccc", "catalogus": "http://fieldlab.westeurope.cloudapp.azure.com/catalogi/api/v1/catalogussen/782ae7eb-503f-4235-aac0-015d28381934", "omschrijving": "Collegevoorstel", "vertrouwelijkheidaanduiding": "vertrouwelijk", "begin_geldigheid": "2020-03-17", "einde_geldigheid": null, "concept": false}, {"url": "http://fieldlab.westeurope.cloudapp.azure.com/catalogi/api/v1/informatieobjecttypen/065dc0d7-1afa-4e80-b9bf-281680fda6fd", "catalogus": "http://fieldlab.westeurope.cloudapp.azure.com/catalogi/api/v1/catalogussen/782ae7eb-503f-4235-aac0-015d28381934", "omschrijving": "Beschikking definitief", "vertrouwelijkheidaanduiding": "vertrouwelijk", "begin_geldigheid": "2020-03-17", "einde_geldigheid": null, "concept": false}, {"url": "http://fieldlab.westeurope.cloudapp.azure.com/catalogi/api/v1/informatieobjecttypen/a7eceae7-2eda-4564-a721-785494a9929a", "catalogus": "http://fieldlab.westeurope.cloudapp.azure.com/catalogi/api/v1/catalogussen/782ae7eb-503f-4235-aac0-015d28381934", "omschrijving": "Formulier", "vertrouwelijkheidaanduiding": "vertrouwelijk", "begin_geldigheid": "2020-03-17", "einde_geldigheid": null, "concept": false}, {"url": "http://fieldlab.westeurope.cloudapp.azure.com/catalogi/api/v1/informatieobjecttypen/ad5714b7-caf6-45f5-841f-7bca9ee0d586", "catalogus": "http://fieldlab.westeurope.cloudapp.azure.com/catalogi/api/v1/catalogussen/782ae7eb-503f-4235-aac0-015d28381934", "omschrijving": "Formulier inlichtingen verstrekking minimabeleid", "vertrouwelijkheidaanduiding": "vertrouwelijk", "begin_geldigheid": "2020-03-17", "einde_geldigheid": null, "concept": false}, {"url": "http://fieldlab.westeurope.cloudapp.azure.com/catalogi/api/v1/informatieobjecttypen/280adf17-d5ab-4525-b2f9-b10b33c8a7d7", "catalogus": "http://fieldlab.westeurope.cloudapp.azure.com/catalogi/api/v1/catalogussen/782ae7eb-503f-4235-aac0-015d28381934", "omschrijving": "Kopie beschikking", "vertrouwelijkheidaanduiding": "vertrouwelijk", "begin_geldigheid": "2020-03-17", "einde_geldigheid": null, "concept": false}, {"url": "http://fieldlab.westeurope.cloudapp.azure.com/catalogi/api/v1/informatieobjecttypen/5ffd0e49-ddb7-4289-9365-a1de4b998b2a", "catalogus": "http://fieldlab.westeurope.cloudapp.azure.com/catalogi/api/v1/catalogussen/782ae7eb-503f-4235-aac0-015d28381934", "omschrijving": "Overig stuk inkomend", "vertrouwelijkheidaanduiding": "vertrouwelijk", "begin_geldigheid": "2020-03-17", "einde_geldigheid": null, "concept": false}, {"url": "http://fieldlab.westeurope.cloudapp.azure.com/catalogi/api/v1/informatieobjecttypen/6a35f1cb-c6ea-4f03-b126-4e7138431c68", "catalogus": "http://fieldlab.westeurope.cloudapp.azure.com/catalogi/api/v1/catalogussen/782ae7eb-503f-4235-aac0-015d28381934", "omschrijving": "Overig stuk intern", "vertrouwelijkheidaanduiding": "vertrouwelijk", "begin_geldigheid": "2020-03-17", "einde_geldigheid": null, "concept": false}, {"url": "http://fieldlab.westeurope.cloudapp.azure.com/catalogi/api/v1/informatieobjecttypen/e208d29e-8a19-4e40-b8a9-78a57b334c80", "catalogus": "http://fieldlab.westeurope.cloudapp.azure.com/catalogi/api/v1/catalogussen/782ae7eb-503f-4235-aac0-015d28381934", "omschrijving": "Brief", "vertrouwelijkheidaanduiding": "vertrouwelijk", "begin_geldigheid": "2020-03-17", "einde_geldigheid": null, "concept": false}, {"url": "http://fieldlab.westeurope.cloudapp.azure.com/catalogi/api/v1/informatieobjecttypen/4208ac80-7587-4a42-8fc7-6ca25e5493e0", "catalogus": "http://fieldlab.westeurope.cloudapp.azure.com/catalogi/api/v1/catalogussen/782ae7eb-503f-4235-aac0-015d28381934", "omschrijving": "Verzoek intrekking aanvraag", "vertrouwelijkheidaanduiding": "vertrouwelijk", "begin_geldigheid": "2020-03-17", "einde_geldigheid": null, "concept": false}, {"url": "http://fieldlab.westeurope.cloudapp.azure.com/catalogi/api/v1/informatieobjecttypen/532c7e0c-e3a9-496b-b713-2001ac17dae1", "catalogus": "http://fieldlab.westeurope.cloudapp.azure.com/catalogi/api/v1/catalogussen/782ae7eb-503f-4235-aac0-015d28381934", "omschrijving": "Bevestiging intrekking aanvraag", "vertrouwelijkheidaanduiding": "vertrouwelijk", "begin_geldigheid": "2020-03-17", "einde_geldigheid": null, "concept": false}, {"url": "http://fieldlab.westeurope.cloudapp.azure.com/catalogi/api/v1/informatieobjecttypen/d7da83c3-9847-495e-ac00-5df71e49f547", "catalogus": "http://fieldlab.westeurope.cloudapp.azure.com/catalogi/api/v1/catalogussen/782ae7eb-503f-4235-aac0-015d28381934", "omschrijving": "Aanvullende gegevens", "vertrouwelijkheidaanduiding": "vertrouwelijk", "begin_geldigheid": "2020-03-17", "einde_geldigheid": null, "concept": false}, {"url": "http://fieldlab.westeurope.cloudapp.azure.com/catalogi/api/v1/informatieobjecttypen/7ae962cd-3328-49b2-a31d-16512aaed379", "catalogus": "http://fieldlab.westeurope.cloudapp.azure.com/catalogi/api/v1/catalogussen/782ae7eb-503f-4235-aac0-015d28381934", "omschrijving": "Buiten behandeling stelling", "vertrouwelijkheidaanduiding": "vertrouwelijk", "begin_geldigheid": "2020-03-17", "einde_geldigheid": null, "concept": false}, {"url": "http://fieldlab.westeurope.cloudapp.azure.com/catalogi/api/v1/informatieobjecttypen/2460a8d9-966c-4dd5-b141-4ea1717b65db", "catalogus": "http://fieldlab.westeurope.cloudapp.azure.com/catalogi/api/v1/catalogussen/782ae7eb-503f-4235-aac0-015d28381934", "omschrijving": "Beschikking", "vertrouwelijkheidaanduiding": "vertrouwelijk", "begin_geldigheid": "2020-03-17", "einde_geldigheid": null, "concept": false}, {"url": "http://fieldlab.westeurope.cloudapp.azure.com/catalogi/api/v1/informatieobjecttypen/63ec67b5-4ea3-4034-8b61-a3e67499736d", "catalogus": "http://fieldlab.westeurope.cloudapp.azure.com/catalogi/api/v1/catalogussen/782ae7eb-503f-4235-aac0-015d28381934", "omschrijving": "E-mail", "vertrouwelijkheidaanduiding": "vertrouwelijk", "begin_geldigheid": "2020-03-17", "einde_geldigheid": null, "concept": false}, {"url": "http://fieldlab.westeurope.cloudapp.azure.com/catalogi/api/v1/informatieobjecttypen/05f2200b-b0c9-4151-88b0-363707f4d453", "catalogus": "http://fieldlab.westeurope.cloudapp.azure.com/catalogi/api/v1/catalogussen/782ae7eb-503f-4235-aac0-015d28381934", "omschrijving": "Overige", "vertrouwelijkheidaanduiding": "vertrouwelijk", "begin_geldigheid": "2020-03-17", "einde_geldigheid": null, "concept": false}, {"url": "http://fieldlab.westeurope.cloudapp.azure.com/catalogi/api/v1/informatieobjecttypen/88d5d73f-5a29-4f89-9d82-ee8fc627b991", "catalogus": "http://fieldlab.westeurope.cloudapp.azure.com/catalogi/api/v1/catalogussen/782ae7eb-503f-4235-aac0-015d28381934", "omschrijving": "Rapport", "vertrouwelijkheidaanduiding": "vertrouwelijk", "begin_geldigheid": "2020-03-17", "einde_geldigheid": null, "concept": false}, {"url": "http://fieldlab.westeurope.cloudapp.azure.com/catalogi/api/v1/informatieobjecttypen/a1871ae1-d159-4670-b693-d325da44b3d4", "catalogus": "http://fieldlab.westeurope.cloudapp.azure.com/catalogi/api/v1/catalogussen/782ae7eb-503f-4235-aac0-015d28381934", "omschrijving": "Rapportmemo", "vertrouwelijkheidaanduiding": "vertrouwelijk", "begin_geldigheid": "2020-03-17", "einde_geldigheid": null, "concept": false}]