[{"url": "http://open-zaak.iszf.local/catalogi/api/v1/informatieobjecttypen/c7d22f61-e61f-43c6-b363-3a58223c43fe", "catalogus": "http://open-zaak.iszf.local/catalogi/api/v1/catalogussen/2c7831fe-8ed2-4bf2-a205-c3f032e51a49", "omschrijving": "Aanvullende gegevens", "vertrouwelijkheidaanduiding": "vertrouwelijk", "begin_geldigheid": "2020-06-15", "einde_geldigheid": null, "concept": false}, {"url": "http://open-zaak.iszf.local/catalogi/api/v1/informatieobjecttypen/6304f862-110c-4549-8f0c-8abecfaea393", "catalogus": "http://open-zaak.iszf.local/catalogi/api/v1/catalogussen/2c7831fe-8ed2-4bf2-a205-c3f032e51a49", "omschrijving": "Verzoek intrekking aanvraag", "vertrouwelijkheidaanduiding": "vertrouwelijk", "begin_geldigheid": "2020-06-15", "einde_geldigheid": null, "concept": false}, {"url": "http://open-zaak.iszf.local/catalogi/api/v1/informatieobjecttypen/6033a97f-25ac-4461-b4d1-e512831e4cb3", "catalogus": "http://open-zaak.iszf.local/catalogi/api/v1/catalogussen/2c7831fe-8ed2-4bf2-a205-c3f032e51a49", "omschrijving": "Rapportmemo", "vertrouwelijkheidaanduiding": "vertrouwelijk", "begin_geldigheid": "2020-06-15", "einde_geldigheid": null, "concept": false}, {"url": "http://open-zaak.iszf.local/catalogi/api/v1/informatieobjecttypen/42924983-e804-4942-94e4-0f67292ec9f8", "catalogus": "http://open-zaak.iszf.local/catalogi/api/v1/catalogussen/2c7831fe-8ed2-4bf2-a205-c3f032e51a49", "omschrijving": "Rapport", "vertrouwelijkheidaanduiding": "vertrouwelijk", "begin_geldigheid": "2020-06-15", "einde_geldigheid": null, "concept": false}, {"url": "http://open-zaak.iszf.local/catalogi/api/v1/informatieobjecttypen/45fc71f9-c40c-42c2-a89c-6551a134fc68", "catalogus": "http://open-zaak.iszf.local/catalogi/api/v1/catalogussen/2c7831fe-8ed2-4bf2-a205-c3f032e51a49", "omschrijving": "Overig stuk intern", "vertrouwelijkheidaanduiding": "vertrouwelijk", "begin_geldigheid": "2020-06-15", "einde_geldigheid": null, "concept": false}, {"url": "http://open-zaak.iszf.local/catalogi/api/v1/informatieobjecttypen/f69cc69d-0b41-4cfc-a137-a6317302f09a", "catalogus": "http://open-zaak.iszf.local/catalogi/api/v1/catalogussen/2c7831fe-8ed2-4bf2-a205-c3f032e51a49", "omschrijving": "Formulier inlichtingen verstrekking minimabeleid", "vertrouwelijkheidaanduiding": "vertrouwelijk", "begin_geldigheid": "2020-06-15", "einde_geldigheid": null, "concept": false}, {"url": "http://open-zaak.iszf.local/catalogi/api/v1/informatieobjecttypen/41ebd401-149c-4f09-9e4a-e97ff6530654", "catalogus": "http://open-zaak.iszf.local/catalogi/api/v1/catalogussen/2c7831fe-8ed2-4bf2-a205-c3f032e51a49", "omschrijving": "Overig stuk inkomend", "vertrouwelijkheidaanduiding": "vertrouwelijk", "begin_geldigheid": "2020-06-15", "einde_geldigheid": null, "concept": false}, {"url": "http://open-zaak.iszf.local/catalogi/api/v1/informatieobjecttypen/0a6045c9-91ca-4a3f-a000-ad7ea7b9ef8a", "catalogus": "http://open-zaak.iszf.local/catalogi/api/v1/catalogussen/2c7831fe-8ed2-4bf2-a205-c3f032e51a49", "omschrijving": "Overige", "vertrouwelijkheidaanduiding": "vertrouwelijk", "begin_geldigheid": "2020-06-15", "einde_geldigheid": null, "concept": false}, {"url": "http://open-zaak.iszf.local/catalogi/api/v1/informatieobjecttypen/b050f49e-7d21-451e-86eb-124f266c5284", "catalogus": "http://open-zaak.iszf.local/catalogi/api/v1/catalogussen/2c7831fe-8ed2-4bf2-a205-c3f032e51a49", "omschrijving": "Kopie beschikking", "vertrouwelijkheidaanduiding": "vertrouwelijk", "begin_geldigheid": "2020-06-15", "einde_geldigheid": null, "concept": false}, {"url": "http://open-zaak.iszf.local/catalogi/api/v1/informatieobjecttypen/dfca2904-c16f-4c06-af17-3e9bcb1eeb8d", "catalogus": "http://open-zaak.iszf.local/catalogi/api/v1/catalogussen/2c7831fe-8ed2-4bf2-a205-c3f032e51a49", "omschrijving": "Formulier", "vertrouwelijkheidaanduiding": "vertrouwelijk", "begin_geldigheid": "2020-06-15", "einde_geldigheid": null, "concept": false}, {"url": "http://open-zaak.iszf.local/catalogi/api/v1/informatieobjecttypen/c87e4c5d-a894-47b8-8e01-87cefd690f4d", "catalogus": "http://open-zaak.iszf.local/catalogi/api/v1/catalogussen/2c7831fe-8ed2-4bf2-a205-c3f032e51a49", "omschrijving": "Beschikking", "vertrouwelijkheidaanduiding": "vertrouwelijk", "begin_geldigheid": "2020-06-15", "einde_geldigheid": null, "concept": false}, {"url": "http://open-zaak.iszf.local/catalogi/api/v1/informatieobjecttypen/6432b2c9-7843-4f80-a563-86b354b2b09f", "catalogus": "http://open-zaak.iszf.local/catalogi/api/v1/catalogussen/2c7831fe-8ed2-4bf2-a205-c3f032e51a49", "omschrijving": "E-mail", "vertrouwelijkheidaanduiding": "vertrouwelijk", "begin_geldigheid": "2020-06-15", "einde_geldigheid": null, "concept": false}, {"url": "http://open-zaak.iszf.local/catalogi/api/v1/informatieobjecttypen/949e3770-6b90-4d54-91ff-7853e8ae1390", "catalogus": "http://open-zaak.iszf.local/catalogi/api/v1/catalogussen/2c7831fe-8ed2-4bf2-a205-c3f032e51a49", "omschrijving": "Collegevoorstel", "vertrouwelijkheidaanduiding": "vertrouwelijk", "begin_geldigheid": "2020-06-15", "einde_geldigheid": null, "concept": false}, {"url": "http://open-zaak.iszf.local/catalogi/api/v1/informatieobjecttypen/e3555763-3347-4dd6-a9fb-7c7f27a8933a", "catalogus": "http://open-zaak.iszf.local/catalogi/api/v1/catalogussen/2c7831fe-8ed2-4bf2-a205-c3f032e51a49", "omschrijving": "Beschikking definitief", "vertrouwelijkheidaanduiding": "vertrouwelijk", "begin_geldigheid": "2020-06-15", "einde_geldigheid": null, "concept": false}, {"url": "http://open-zaak.iszf.local/catalogi/api/v1/informatieobjecttypen/8bca94f7-eee0-4c76-8c64-c1f050192560", "catalogus": "http://open-zaak.iszf.local/catalogi/api/v1/catalogussen/2c7831fe-8ed2-4bf2-a205-c3f032e51a49", "omschrijving": "Buiten behandeling stelling", "vertrouwelijkheidaanduiding": "vertrouwelijk", "begin_geldigheid": "2020-06-15", "einde_geldigheid": null, "concept": false}, {"url": "http://open-zaak.iszf.local/catalogi/api/v1/informatieobjecttypen/be424a12-c79c-4976-84ff-f3a4c45d7a5c", "catalogus": "http://open-zaak.iszf.local/catalogi/api/v1/catalogussen/2c7831fe-8ed2-4bf2-a205-c3f032e51a49", "omschrijving": "Bevestiging intrekking aanvraag", "vertrouwelijkheidaanduiding": "vertrouwelijk", "begin_geldigheid": "2020-06-15", "einde_geldigheid": null, "concept": false}, {"url": "http://open-zaak.iszf.local/catalogi/api/v1/informatieobjecttypen/68285b66-e1fa-458d-8789-e94be9258b9d", "catalogus": "http://open-zaak.iszf.local/catalogi/api/v1/catalogussen/2c7831fe-8ed2-4bf2-a205-c3f032e51a49", "omschrijving": "Brief", "vertrouwelijkheidaanduiding": "vertrouwelijk", "begin_geldigheid": "2020-06-15", "einde_geldigheid": null, "concept": false}]