[{"url": "http://open-zaak.iszf.local/catalogi/api/v1/resultaattypen/cec52ec4-4a47-4947-9265-299ab24a9894", "zaaktype": "http://open-zaak.iszf.local/catalogi/api/v1/zaaktypen/a4c9b982-c89e-4290-a5b9-086bc17ffb64", "omschrijving": "Afgewezen", "resultaattypeomschrijving": "https://selectielijst.openzaak.nl/api/v1/resultaattypeomschrijvingen/e6a0c939-3404-45b0-88e3-76c94fb80ea7", "omschrijving_generiek": "Afgewezen", "selectielijstklasse": "https://selectielijst.openzaak.nl/api/v1/resultaten/70d1d36b-49eb-4526-bc01-26f9b79b4100", "toelichting": "", "archiefnominatie": "vernietigen", "archiefactietermijn": "P1Y", "brondatum_archiefprocedure": {"afleidingswijze": "afgehandeld", "datumkenmerk": "", "einddatum_bekend": false, "objecttype": "", "registratie": "", "procestermijn": null}}, {"url": "http://open-zaak.iszf.local/catalogi/api/v1/resultaattypen/63173f5d-0f6b-4f58-b31e-f354b7561569", "zaaktype": "http://open-zaak.iszf.local/catalogi/api/v1/zaaktypen/a4c9b982-c89e-4290-a5b9-086bc17ffb64", "omschrijving": "Toegekend", "resultaattypeomschrijving": "https://selectielijst.openzaak.nl/api/v1/resultaattypeomschrijvingen/fb65d251-1518-4185-865f-b8bdcfad07b1", "omschrijving_generiek": "Toegekend", "selectielijstklasse": "https://selectielijst.openzaak.nl/api/v1/resultaten/cad08ced-a1ca-4f61-b249-d15012563c30", "toelichting": "", "archiefnominatie": "blijvend_bewaren", "archiefactietermijn": null, "brondatum_archiefprocedure": {"afleidingswijze": "ingangsdatum_besluit", "datumkenmerk": "", "einddatum_bekend": false, "objecttype": "", "registratie": "", "procestermijn": null}}, {"url": "http://open-zaak.iszf.local/catalogi/api/v1/resultaattypen/1bc40079-e03b-4ebe-9ad0-72dcd631293d", "zaaktype": "http://open-zaak.iszf.local/catalogi/api/v1/zaaktypen/a4c9b982-c89e-4290-a5b9-086bc17ffb64", "omschrijving": "Buiten behandeling g", "resultaattypeomschrijving": "https://selectielijst.openzaak.nl/api/v1/resultaattypeomschrijvingen/e6a0c939-3404-45b0-88e3-76c94fb80ea7", "omschrijving_generiek": "Afgewezen", "selectielijstklasse": "https://selectielijst.openzaak.nl/api/v1/resultaten/70d1d36b-49eb-4526-bc01-26f9b79b4100", "toelichting": "", "archiefnominatie": "vernietigen", "archiefactietermijn": "P1Y", "brondatum_archiefprocedure": {"afleidingswijze": "afgehandeld", "datumkenmerk": "", "einddatum_bekend": false, "objecttype": "", "registratie": "", "procestermijn": null}}, {"url": "http://open-zaak.iszf.local/catalogi/api/v1/resultaattypen/2c9a025a-6be0-4d56-b21c-d7b482c1b730", "zaaktype": "http://open-zaak.iszf.local/catalogi/api/v1/zaaktypen/a4c9b982-c89e-4290-a5b9-086bc17ffb64", "omschrijving": "Afgebroken", "resultaattypeomschrijving": "https://selectielijst.openzaak.nl/api/v1/resultaattypeomschrijvingen/a6a0bd73-262a-401a-b629-9c4a908c69b5", "omschrijving_generiek": "Ingetrokken", "selectielijstklasse": "https://selectielijst.openzaak.nl/api/v1/resultaten/70d1d36b-49eb-4526-bc01-26f9b79b4100", "toelichting": "", "archiefnominatie": "vernietigen", "archiefactietermijn": "P1Y", "brondatum_archiefprocedure": {"afleidingswijze": "afgehandeld", "datumkenmerk": "", "einddatum_bekend": false, "objecttype": "", "registratie": "", "procestermijn": null}}, {"url": "http://open-zaak.iszf.local/catalogi/api/v1/resultaattypen/8bbf4886-a112-470e-97ca-17de056e8df6", "zaaktype": "http://open-zaak.iszf.local/catalogi/api/v1/zaaktypen/b20ccd01-0cc6-4abd-8714-a7fb52fe78b3", "omschrijving": "Afgewezen", "resultaattypeomschrijving": "https://selectielijst.openzaak.nl/api/v1/resultaattypeomschrijvingen/1f750958-431c-4916-bc01-af5d3a753b41", "omschrijving_generiek": "Geweigerd", "selectielijstklasse": "https://selectielijst.openzaak.nl/api/v1/resultaten/98970044-7935-4191-8977-c2ace2e6a3a9", "toelichting": "", "archiefnominatie": "vernietigen", "archiefactietermijn": "P5Y", "brondatum_archiefprocedure": {"afleidingswijze": "afgehandeld", "datumkenmerk": "", "einddatum_bekend": false, "objecttype": "", "registratie": "", "procestermijn": null}}, {"url": "http://open-zaak.iszf.local/catalogi/api/v1/resultaattypen/ef14f3aa-1041-4bf2-98d2-dd55303782f4", "zaaktype": "http://open-zaak.iszf.local/catalogi/api/v1/zaaktypen/b20ccd01-0cc6-4abd-8714-a7fb52fe78b3", "omschrijving": "Afgebroken", "resultaattypeomschrijving": "https://selectielijst.openzaak.nl/api/v1/resultaattypeomschrijvingen/9c180d8b-2dd7-4a6f-89fa-7ba4d2f0cd8d", "omschrijving_generiek": "Niet vastgesteld", "selectielijstklasse": "https://selectielijst.openzaak.nl/api/v1/resultaten/bfb0690a-d53f-4f4e-8411-ec267b64ebf5", "toelichting": "", "archiefnominatie": "vernietigen", "archiefactietermijn": "P42D", "brondatum_archiefprocedure": {"afleidingswijze": "afgehandeld", "datumkenmerk": "", "einddatum_bekend": false, "objecttype": "", "registratie": "", "procestermijn": null}}, {"url": "http://open-zaak.iszf.local/catalogi/api/v1/resultaattypen/67390143-74f9-49fd-b72d-a637314141c8", "zaaktype": "http://open-zaak.iszf.local/catalogi/api/v1/zaaktypen/b20ccd01-0cc6-4abd-8714-a7fb52fe78b3", "omschrijving": "Buiten behandeling g", "resultaattypeomschrijving": "https://selectielijst.openzaak.nl/api/v1/resultaattypeomschrijvingen/1f750958-431c-4916-bc01-af5d3a753b41", "omschrijving_generiek": "Geweigerd", "selectielijstklasse": "https://selectielijst.openzaak.nl/api/v1/resultaten/98970044-7935-4191-8977-c2ace2e6a3a9", "toelichting": "", "archiefnominatie": "vernietigen", "archiefactietermijn": "P5Y", "brondatum_archiefprocedure": {"afleidingswijze": "afgehandeld", "datumkenmerk": "", "einddatum_bekend": false, "objecttype": "", "registratie": "", "procestermijn": null}}, {"url": "http://open-zaak.iszf.local/catalogi/api/v1/resultaattypen/6660c258-2dfd-4d4d-bd67-de269b748556", "zaaktype": "http://open-zaak.iszf.local/catalogi/api/v1/zaaktypen/b20ccd01-0cc6-4abd-8714-a7fb52fe78b3", "omschrijving": "Toegekend", "resultaattypeomschrijving": "https://selectielijst.openzaak.nl/api/v1/resultaattypeomschrijvingen/9c180d8b-2dd7-4a6f-89fa-7ba4d2f0cd8d", "omschrijving_generiek": "Niet vastgesteld", "selectielijstklasse": "https://selectielijst.openzaak.nl/api/v1/resultaten/7f838b25-3fc2-4bb7-a6be-5fc52b76df75", "toelichting": "", "archiefnominatie": "vernietigen", "archiefactietermijn": "P10Y", "brondatum_archiefprocedure": {"afleidingswijze": "ander_datumkenmerk", "datumkenmerk": "Na be\u00ebindiging voorziening in registratie 'Inkomensvoorzieningen'", "einddatum_bekend": true, "objecttype": "overige", "registratie": "Inkomensvoorzieningen", "procestermijn": "P1Y"}}, {"url": "http://open-zaak.iszf.local/catalogi/api/v1/resultaattypen/ec1b4a6c-ae61-40ab-9178-130318af5acd", "zaaktype": "http://open-zaak.iszf.local/catalogi/api/v1/zaaktypen/c5363f14-3a0c-4002-8e45-76b30bb3fea1", "omschrijving": "Afgewezen", "resultaattypeomschrijving": "https://selectielijst.openzaak.nl/api/v1/resultaattypeomschrijvingen/e6a0c939-3404-45b0-88e3-76c94fb80ea7", "omschrijving_generiek": "Afgewezen", "selectielijstklasse": "https://selectielijst.openzaak.nl/api/v1/resultaten/98970044-7935-4191-8977-c2ace2e6a3a9", "toelichting": "", "archiefnominatie": "vernietigen", "archiefactietermijn": "P5Y", "brondatum_archiefprocedure": {"afleidingswijze": "afgehandeld", "datumkenmerk": "", "einddatum_bekend": false, "objecttype": "", "registratie": "", "procestermijn": null}}, {"url": "http://open-zaak.iszf.local/catalogi/api/v1/resultaattypen/93fdfb6e-c8fb-4800-ba96-615272ef1d85", "zaaktype": "http://open-zaak.iszf.local/catalogi/api/v1/zaaktypen/c5363f14-3a0c-4002-8e45-76b30bb3fea1", "omschrijving": "Toegekend", "resultaattypeomschrijving": "https://selectielijst.openzaak.nl/api/v1/resultaattypeomschrijvingen/fb65d251-1518-4185-865f-b8bdcfad07b1", "omschrijving_generiek": "Toegekend", "selectielijstklasse": "https://selectielijst.openzaak.nl/api/v1/resultaten/8e11ad5f-e152-4477-9ce2-c21360fbf0eb", "toelichting": "", "archiefnominatie": "vernietigen", "archiefactietermijn": "P15Y", "brondatum_archiefprocedure": {"afleidingswijze": "afgehandeld", "datumkenmerk": "", "einddatum_bekend": false, "objecttype": "", "registratie": "", "procestermijn": null}}, {"url": "http://open-zaak.iszf.local/catalogi/api/v1/resultaattypen/00e9a9e2-04ce-4799-a0fd-4a417549ca59", "zaaktype": "http://open-zaak.iszf.local/catalogi/api/v1/zaaktypen/c5363f14-3a0c-4002-8e45-76b30bb3fea1", "omschrijving": "Afgebroken", "resultaattypeomschrijving": "https://selectielijst.openzaak.nl/api/v1/resultaattypeomschrijvingen/ce8cf476-0b59-496f-8eee-957a7c6e2506", "omschrijving_generiek": "Afgebroken", "selectielijstklasse": "https://selectielijst.openzaak.nl/api/v1/resultaten/f47b7616-4077-4c17-8365-c4e9067c36fe", "toelichting": "", "archiefnominatie": "vernietigen", "archiefactietermijn": "P42D", "brondatum_archiefprocedure": {"afleidingswijze": "afgehandeld", "datumkenmerk": "", "einddatum_bekend": false, "objecttype": "", "registratie": "", "procestermijn": null}}, {"url": "http://open-zaak.iszf.local/catalogi/api/v1/resultaattypen/a574d9b6-f5f5-465d-b639-835b0238a544", "zaaktype": "http://open-zaak.iszf.local/catalogi/api/v1/zaaktypen/d414737f-f472-4488-aff0-033eeb47b7f4", "omschrijving": "Afgebroken", "resultaattypeomschrijving": "https://selectielijst.openzaak.nl/api/v1/resultaattypeomschrijvingen/ce8cf476-0b59-496f-8eee-957a7c6e2506", "omschrijving_generiek": "Afgebroken", "selectielijstklasse": "https://selectielijst.openzaak.nl/api/v1/resultaten/bfb0690a-d53f-4f4e-8411-ec267b64ebf5", "toelichting": "", "archiefnominatie": "vernietigen", "archiefactietermijn": "P42D", "brondatum_archiefprocedure": {"afleidingswijze": "afgehandeld", "datumkenmerk": "", "einddatum_bekend": false, "objecttype": "", "registratie": "", "procestermijn": null}}, {"url": "http://open-zaak.iszf.local/catalogi/api/v1/resultaattypen/dd0dd822-ba0b-4d08-8ad2-e68e3eaf4251", "zaaktype": "http://open-zaak.iszf.local/catalogi/api/v1/zaaktypen/d414737f-f472-4488-aff0-033eeb47b7f4", "omschrijving": "Voorziening afgeweze", "resultaattypeomschrijving": "https://selectielijst.openzaak.nl/api/v1/resultaattypeomschrijvingen/e6a0c939-3404-45b0-88e3-76c94fb80ea7", "omschrijving_generiek": "Afgewezen", "selectielijstklasse": "https://selectielijst.openzaak.nl/api/v1/resultaten/98970044-7935-4191-8977-c2ace2e6a3a9", "toelichting": "", "archiefnominatie": "vernietigen", "archiefactietermijn": "P5Y", "brondatum_archiefprocedure": {"afleidingswijze": "afgehandeld", "datumkenmerk": "", "einddatum_bekend": false, "objecttype": "", "registratie": "", "procestermijn": null}}, {"url": "http://open-zaak.iszf.local/catalogi/api/v1/resultaattypen/f7c92c53-e250-4600-8633-5d66be472e5f", "zaaktype": "http://open-zaak.iszf.local/catalogi/api/v1/zaaktypen/c5363f14-3a0c-4002-8e45-76b30bb3fea1", "omschrijving": "Buiten behandeling g", "resultaattypeomschrijving": "https://selectielijst.openzaak.nl/api/v1/resultaattypeomschrijvingen/1f750958-431c-4916-bc01-af5d3a753b41", "omschrijving_generiek": "Geweigerd", "selectielijstklasse": "https://selectielijst.openzaak.nl/api/v1/resultaten/9debb6c9-0f45-4825-be3b-140f2f7466a6", "toelichting": "", "archiefnominatie": "vernietigen", "archiefactietermijn": "P5Y", "brondatum_archiefprocedure": {"afleidingswijze": "afgehandeld", "datumkenmerk": "", "einddatum_bekend": false, "objecttype": "", "registratie": "", "procestermijn": null}}, {"url": "http://open-zaak.iszf.local/catalogi/api/v1/resultaattypen/4e243111-b8ea-40d4-b0d3-1c43a4bfc4ba", "zaaktype": "http://open-zaak.iszf.local/catalogi/api/v1/zaaktypen/d414737f-f472-4488-aff0-033eeb47b7f4", "omschrijving": "Voorziening toegeken", "resultaattypeomschrijving": "https://selectielijst.openzaak.nl/api/v1/resultaattypeomschrijvingen/fb65d251-1518-4185-865f-b8bdcfad07b1", "omschrijving_generiek": "Toegekend", "selectielijstklasse": "https://selectielijst.openzaak.nl/api/v1/resultaten/2cb5f516-8dd1-468c-bf0f-9a0b8aca79f4", "toelichting": "", "archiefnominatie": "vernietigen", "archiefactietermijn": "P20Y", "brondatum_archiefprocedure": {"afleidingswijze": "afgehandeld", "datumkenmerk": "", "einddatum_bekend": false, "objecttype": "", "registratie": "", "procestermijn": null}}]