[{"url": "http://fieldlab.westeurope.cloudapp.azure.com/catalogi/api/v1/roltypen/07ee713a-d315-45ff-9456-58a8d96e6dff", "zaaktype": "http://fieldlab.westeurope.cloudapp.azure.com/catalogi/api/v1/zaaktypen/8a0ecb65-c3fd-4110-8599-297f84236ae5", "omschrijving": "heeftAlsInitiator", "omschrijving_generiek": "initiator"}, {"url": "http://fieldlab.westeurope.cloudapp.azure.com/catalogi/api/v1/roltypen/c462620a-0c9c-46de-82a0-53867d6c91ef", "zaaktype": "http://fieldlab.westeurope.cloudapp.azure.com/catalogi/api/v1/zaaktypen/8a0ecb65-c3fd-4110-8599-297f84236ae5", "omschrijving": "heeftBetrekkingOp", "omschrijving_generiek": "belanghebbende"}, {"url": "http://fieldlab.westeurope.cloudapp.azure.com/catalogi/api/v1/roltypen/717860d7-6503-4c99-965b-b38d9a889d24", "zaaktype": "http://fieldlab.westeurope.cloudapp.azure.com/catalogi/api/v1/zaaktypen/8a0ecb65-c3fd-4110-8599-297f84236ae5", "omschrijving": "heeftAlsBelanghebbende", "omschrijving_generiek": "belanghebbende"}, {"url": "http://fieldlab.westeurope.cloudapp.azure.com/catalogi/api/v1/roltypen/bb7ad44f-5aef-41a0-a9ec-b493c701addd", "zaaktype": "http://fieldlab.westeurope.cloudapp.azure.com/catalogi/api/v1/zaaktypen/8a0ecb65-c3fd-4110-8599-297f84236ae5", "omschrijving": "heeftAlsUitvoerende", "omschrijving_generiek": "behandelaar"}, {"url": "http://fieldlab.westeurope.cloudapp.azure.com/catalogi/api/v1/roltypen/55fa4bf9-8c77-4721-aa7f-ae4c9ab2b290", "zaaktype": "http://fieldlab.westeurope.cloudapp.azure.com/catalogi/api/v1/zaaktypen/8a0ecb65-c3fd-4110-8599-297f84236ae5", "omschrijving": "heeftAlsVerantwoordelijke", "omschrijving_generiek": "beslisser"}]