[{"url": "http://open-zaak.iszf.local/catalogi/api/v1/roltypen/39e31a2e-ec4c-464b-9e95-09764cd3343e", "zaaktype": "http://open-zaak.iszf.local/catalogi/api/v1/zaaktypen/a4c9b982-c89e-4290-a5b9-086bc17ffb64", "omschrijving": "Belanghebbende", "omschrijving_generiek": "belanghebbende"}, {"url": "http://open-zaak.iszf.local/catalogi/api/v1/roltypen/f476e4a9-7dce-4cf0-bfc5-5c534c58e5ea", "zaaktype": "http://open-zaak.iszf.local/catalogi/api/v1/zaaktypen/a4c9b982-c89e-4290-a5b9-086bc17ffb64", "omschrijving": "Initiator", "omschrijving_generiek": "initiator"}, {"url": "http://open-zaak.iszf.local/catalogi/api/v1/roltypen/7947dfcd-a22e-45bf-a94b-28cfe189a974", "zaaktype": "http://open-zaak.iszf.local/catalogi/api/v1/zaaktypen/a4c9b982-c89e-4290-a5b9-086bc17ffb64", "omschrijving": "Uitvoerende", "omschrijving_generiek": "behandelaar"}, {"url": "http://open-zaak.iszf.local/catalogi/api/v1/roltypen/9af564ea-8abc-45cb-ad4f-f46ff8b850bb", "zaaktype": "http://open-zaak.iszf.local/catalogi/api/v1/zaaktypen/a4c9b982-c89e-4290-a5b9-086bc17ffb64", "omschrijving": "Verantwoordelijke", "omschrijving_generiek": "behandelaar"}, {"url": "http://open-zaak.iszf.local/catalogi/api/v1/roltypen/2b8eb1be-acfe-41c5-8797-8bb277d9e442", "zaaktype": "http://open-zaak.iszf.local/catalogi/api/v1/zaaktypen/a4c9b982-c89e-4290-a5b9-086bc17ffb64", "omschrijving": "Betrekking", "omschrijving_generiek": "belanghebbende"}, {"url": "http://open-zaak.iszf.local/catalogi/api/v1/roltypen/6d323b56-714e-49b5-a904-d1162f030b13", "zaaktype": "http://open-zaak.iszf.local/catalogi/api/v1/zaaktypen/b20ccd01-0cc6-4abd-8714-a7fb52fe78b3", "omschrijving": "Adviseur", "omschrijving_generiek": "adviseur"}, {"url": "http://open-zaak.iszf.local/catalogi/api/v1/roltypen/55d0c958-cc96-4743-8d9f-3f53b91433c2", "zaaktype": "http://open-zaak.iszf.local/catalogi/api/v1/zaaktypen/b20ccd01-0cc6-4abd-8714-a7fb52fe78b3", "omschrijving": "Behandelaar", "omschrijving_generiek": "behandelaar"}, {"url": "http://open-zaak.iszf.local/catalogi/api/v1/roltypen/106139e1-2ff4-4d68-9f35-0a7e9894c073", "zaaktype": "http://open-zaak.iszf.local/catalogi/api/v1/zaaktypen/b20ccd01-0cc6-4abd-8714-a7fb52fe78b3", "omschrijving": "Beslisser", "omschrijving_generiek": "beslisser"}, {"url": "http://open-zaak.iszf.local/catalogi/api/v1/roltypen/04d7b980-46e2-462c-b267-7fdfb5074480", "zaaktype": "http://open-zaak.iszf.local/catalogi/api/v1/zaaktypen/b20ccd01-0cc6-4abd-8714-a7fb52fe78b3", "omschrijving": "Initiator", "omschrijving_generiek": "initiator"}, {"url": "http://open-zaak.iszf.local/catalogi/api/v1/roltypen/4773bb5f-4871-49a8-a2f5-e319005f6c84", "zaaktype": "http://open-zaak.iszf.local/catalogi/api/v1/zaaktypen/b20ccd01-0cc6-4abd-8714-a7fb52fe78b3", "omschrijving": "Klantcontacter", "omschrijving_generiek": "klantcontacter"}, {"url": "http://open-zaak.iszf.local/catalogi/api/v1/roltypen/16d3a873-86a9-4de5-b009-71fae14d101c", "zaaktype": "http://open-zaak.iszf.local/catalogi/api/v1/zaaktypen/b20ccd01-0cc6-4abd-8714-a7fb52fe78b3", "omschrijving": "Betrokkene", "omschrijving_generiek": "behandelaar"}, {"url": "http://open-zaak.iszf.local/catalogi/api/v1/roltypen/65036d2f-7cfc-4781-9448-f77c7da5f42a", "zaaktype": "http://open-zaak.iszf.local/catalogi/api/v1/zaaktypen/b20ccd01-0cc6-4abd-8714-a7fb52fe78b3", "omschrijving": "Belanghebbende", "omschrijving_generiek": "belanghebbende"}, {"url": "http://open-zaak.iszf.local/catalogi/api/v1/roltypen/f6877a5f-8012-4912-a517-9702dc790bb4", "zaaktype": "http://open-zaak.iszf.local/catalogi/api/v1/zaaktypen/b20ccd01-0cc6-4abd-8714-a7fb52fe78b3", "omschrijving": "Betrekking", "omschrijving_generiek": "behandelaar"}, {"url": "http://open-zaak.iszf.local/catalogi/api/v1/roltypen/c53ea219-a261-4f71-aa2b-473bb10d62e3", "zaaktype": "http://open-zaak.iszf.local/catalogi/api/v1/zaaktypen/b20ccd01-0cc6-4abd-8714-a7fb52fe78b3", "omschrijving": "Uitvoerende", "omschrijving_generiek": "behandelaar"}, {"url": "http://open-zaak.iszf.local/catalogi/api/v1/roltypen/3c00e8fc-3710-4cf7-82e7-984bfb030342", "zaaktype": "http://open-zaak.iszf.local/catalogi/api/v1/zaaktypen/b20ccd01-0cc6-4abd-8714-a7fb52fe78b3", "omschrijving": "Verantwoordelijke", "omschrijving_generiek": "beslisser"}, {"url": "http://open-zaak.iszf.local/catalogi/api/v1/roltypen/4e766f52-b12e-443d-9e6b-6cf759a49118", "zaaktype": "http://open-zaak.iszf.local/catalogi/api/v1/zaaktypen/a4c9b982-c89e-4290-a5b9-086bc17ffb64", "omschrijving": "BetrekkingOp", "omschrijving_generiek": "belanghebbende"}, {"url": "http://open-zaak.iszf.local/catalogi/api/v1/roltypen/894d77d0-64b2-4026-a34d-e3bb15541c9b", "zaaktype": "http://open-zaak.iszf.local/catalogi/api/v1/zaaktypen/b20ccd01-0cc6-4abd-8714-a7fb52fe78b3", "omschrijving": "BetrekkingOp", "omschrijving_generiek": "belanghebbende"}, {"url": "http://open-zaak.iszf.local/catalogi/api/v1/roltypen/08049c95-02fc-4e72-84be-a41f92a4cfbe", "zaaktype": "http://open-zaak.iszf.local/catalogi/api/v1/zaaktypen/a4c9b982-c89e-4290-a5b9-086bc17ffb64", "omschrijving": "Gemachtigde", "omschrijving_generiek": "beslisser"}, {"url": "http://open-zaak.iszf.local/catalogi/api/v1/roltypen/6e049c7f-8a5c-4316-991a-7921d6b042b1", "zaaktype": "http://open-zaak.iszf.local/catalogi/api/v1/zaaktypen/a4c9b982-c89e-4290-a5b9-086bc17ffb64", "omschrijving": "OverigeBetrokkene", "omschrijving_generiek": "belanghebbende"}, {"url": "http://open-zaak.iszf.local/catalogi/api/v1/roltypen/e4c26ba9-8bcf-4b27-9ecf-589df8ff8188", "zaaktype": "http://open-zaak.iszf.local/catalogi/api/v1/zaaktypen/c5363f14-3a0c-4002-8e45-76b30bb3fea1", "omschrijving": "Adviseur", "omschrijving_generiek": "adviseur"}, {"url": "http://open-zaak.iszf.local/catalogi/api/v1/roltypen/fb3047c6-5f00-4eb7-9add-ee5662ac7727", "zaaktype": "http://open-zaak.iszf.local/catalogi/api/v1/zaaktypen/c5363f14-3a0c-4002-8e45-76b30bb3fea1", "omschrijving": "Behandelaar", "omschrijving_generiek": "behandelaar"}, {"url": "http://open-zaak.iszf.local/catalogi/api/v1/roltypen/e853062e-071f-4ae9-86eb-c9a1318d67ec", "zaaktype": "http://open-zaak.iszf.local/catalogi/api/v1/zaaktypen/c5363f14-3a0c-4002-8e45-76b30bb3fea1", "omschrijving": "Beslisser", "omschrijving_generiek": "beslisser"}, {"url": "http://open-zaak.iszf.local/catalogi/api/v1/roltypen/e47c41f9-77c3-4e9f-8080-228b0ac5e2db", "zaaktype": "http://open-zaak.iszf.local/catalogi/api/v1/zaaktypen/c5363f14-3a0c-4002-8e45-76b30bb3fea1", "omschrijving": "Initiator", "omschrijving_generiek": "initiator"}, {"url": "http://open-zaak.iszf.local/catalogi/api/v1/roltypen/914e8d20-66b2-443e-a26e-4537833f85a9", "zaaktype": "http://open-zaak.iszf.local/catalogi/api/v1/zaaktypen/c5363f14-3a0c-4002-8e45-76b30bb3fea1", "omschrijving": "Klantcontacter", "omschrijving_generiek": "klantcontacter"}, {"url": "http://open-zaak.iszf.local/catalogi/api/v1/roltypen/3d769342-daf2-4891-9aeb-952ec568d259", "zaaktype": "http://open-zaak.iszf.local/catalogi/api/v1/zaaktypen/c5363f14-3a0c-4002-8e45-76b30bb3fea1", "omschrijving": "Belanghebbende", "omschrijving_generiek": "belanghebbende"}, {"url": "http://open-zaak.iszf.local/catalogi/api/v1/roltypen/347bce85-e2e7-46ad-a410-50f6be3348f6", "zaaktype": "http://open-zaak.iszf.local/catalogi/api/v1/zaaktypen/c5363f14-3a0c-4002-8e45-76b30bb3fea1", "omschrijving": "Betrekking", "omschrijving_generiek": "behandelaar"}, {"url": "http://open-zaak.iszf.local/catalogi/api/v1/roltypen/b0e94c2e-0272-482b-b1f4-e8d79c691b60", "zaaktype": "http://open-zaak.iszf.local/catalogi/api/v1/zaaktypen/c5363f14-3a0c-4002-8e45-76b30bb3fea1", "omschrijving": "BetrekkingOp", "omschrijving_generiek": "behandelaar"}, {"url": "http://open-zaak.iszf.local/catalogi/api/v1/roltypen/148b6ad7-7aa0-4f36-a82f-e3ff3ea8641a", "zaaktype": "http://open-zaak.iszf.local/catalogi/api/v1/zaaktypen/c5363f14-3a0c-4002-8e45-76b30bb3fea1", "omschrijving": "Betrokkene", "omschrijving_generiek": "behandelaar"}, {"url": "http://open-zaak.iszf.local/catalogi/api/v1/roltypen/e8268741-4927-4b5c-9003-714cd7da3c71", "zaaktype": "http://open-zaak.iszf.local/catalogi/api/v1/zaaktypen/c5363f14-3a0c-4002-8e45-76b30bb3fea1", "omschrijving": "Uitvoerende", "omschrijving_generiek": "behandelaar"}, {"url": "http://open-zaak.iszf.local/catalogi/api/v1/roltypen/eea5d784-2a5c-4740-a36f-bb80a670c97b", "zaaktype": "http://open-zaak.iszf.local/catalogi/api/v1/zaaktypen/c5363f14-3a0c-4002-8e45-76b30bb3fea1", "omschrijving": "Verantwoordelijke", "omschrijving_generiek": "beslisser"}, {"url": "http://open-zaak.iszf.local/catalogi/api/v1/roltypen/f56e52b9-cca9-47e9-9852-5027ed8f1a05", "zaaktype": "http://open-zaak.iszf.local/catalogi/api/v1/zaaktypen/bd8e4a3a-b83d-4fd1-a7a3-43376a205787", "omschrijving": "Initiator", "omschrijving_generiek": "initiator"}, {"url": "http://open-zaak.iszf.local/catalogi/api/v1/roltypen/0cf4fcac-7780-46e3-a41e-a3b851c438d1", "zaaktype": "http://open-zaak.iszf.local/catalogi/api/v1/zaaktypen/bd8e4a3a-b83d-4fd1-a7a3-43376a205787", "omschrijving": "BetrekkingOp", "omschrijving_generiek": "belanghebbende"}, {"url": "http://open-zaak.iszf.local/catalogi/api/v1/roltypen/8a2bc3fd-ecda-49f3-bfb0-cb501e87c330", "zaaktype": "http://open-zaak.iszf.local/catalogi/api/v1/zaaktypen/bd8e4a3a-b83d-4fd1-a7a3-43376a205787", "omschrijving": "Belanghebbende", "omschrijving_generiek": "belanghebbende"}, {"url": "http://open-zaak.iszf.local/catalogi/api/v1/roltypen/01406b4c-932e-44f8-a9e5-a51920fdf60b", "zaaktype": "http://open-zaak.iszf.local/catalogi/api/v1/zaaktypen/bd8e4a3a-b83d-4fd1-a7a3-43376a205787", "omschrijving": "Uitvoerende", "omschrijving_generiek": "behandelaar"}, {"url": "http://open-zaak.iszf.local/catalogi/api/v1/roltypen/ebdb43cf-aecd-48af-96ed-0568ea54207b", "zaaktype": "http://open-zaak.iszf.local/catalogi/api/v1/zaaktypen/bd8e4a3a-b83d-4fd1-a7a3-43376a205787", "omschrijving": "Verantwoordelijke", "omschrijving_generiek": "beslisser"}, {"url": "http://open-zaak.iszf.local/catalogi/api/v1/roltypen/481fd8cc-b8f8-4a5c-84f8-a9d9431ac0a0", "zaaktype": "http://open-zaak.iszf.local/catalogi/api/v1/zaaktypen/bd8e4a3a-b83d-4fd1-a7a3-43376a205787", "omschrijving": "Gemachtigde", "omschrijving_generiek": "beslisser"}, {"url": "http://open-zaak.iszf.local/catalogi/api/v1/roltypen/e155d650-0435-4082-ba41-a9bda565046e", "zaaktype": "http://open-zaak.iszf.local/catalogi/api/v1/zaaktypen/bd8e4a3a-b83d-4fd1-a7a3-43376a205787", "omschrijving": "OverigeBetrokkene", "omschrijving_generiek": "belanghebbende"}, {"url": "http://open-zaak.iszf.local/catalogi/api/v1/roltypen/49925604-80f1-4e47-91eb-ca9a18427cc2", "zaaktype": "http://open-zaak.iszf.local/catalogi/api/v1/zaaktypen/d414737f-f472-4488-aff0-033eeb47b7f4", "omschrijving": "Adviseur", "omschrijving_generiek": "adviseur"}, {"url": "http://open-zaak.iszf.local/catalogi/api/v1/roltypen/98e3bf84-d4de-4b95-8aa8-73e65ac1c251", "zaaktype": "http://open-zaak.iszf.local/catalogi/api/v1/zaaktypen/d414737f-f472-4488-aff0-033eeb47b7f4", "omschrijving": "Behandelaar", "omschrijving_generiek": "behandelaar"}, {"url": "http://open-zaak.iszf.local/catalogi/api/v1/roltypen/bdb2bc16-3ff7-40f1-9bdd-448f87e7b12b", "zaaktype": "http://open-zaak.iszf.local/catalogi/api/v1/zaaktypen/d414737f-f472-4488-aff0-033eeb47b7f4", "omschrijving": "Beslisser", "omschrijving_generiek": "beslisser"}, {"url": "http://open-zaak.iszf.local/catalogi/api/v1/roltypen/2aae112e-d08d-4173-9139-c838a307108d", "zaaktype": "http://open-zaak.iszf.local/catalogi/api/v1/zaaktypen/d414737f-f472-4488-aff0-033eeb47b7f4", "omschrijving": "Initiator", "omschrijving_generiek": "initiator"}, {"url": "http://open-zaak.iszf.local/catalogi/api/v1/roltypen/4e826eb0-eed7-4fec-8897-22f0e4339b02", "zaaktype": "http://open-zaak.iszf.local/catalogi/api/v1/zaaktypen/d414737f-f472-4488-aff0-033eeb47b7f4", "omschrijving": "Klantcontacter", "omschrijving_generiek": "klantcontacter"}, {"url": "http://open-zaak.iszf.local/catalogi/api/v1/roltypen/8a8e6abb-b937-476b-b460-50e1d5e52b1a", "zaaktype": "http://open-zaak.iszf.local/catalogi/api/v1/zaaktypen/d414737f-f472-4488-aff0-033eeb47b7f4", "omschrijving": "Belanghebbende", "omschrijving_generiek": "belanghebbende"}, {"url": "http://open-zaak.iszf.local/catalogi/api/v1/roltypen/2637e4f8-7c38-4abf-b92b-65ad2d86d4bc", "zaaktype": "http://open-zaak.iszf.local/catalogi/api/v1/zaaktypen/d414737f-f472-4488-aff0-033eeb47b7f4", "omschrijving": "Betrekking", "omschrijving_generiek": "behandelaar"}, {"url": "http://open-zaak.iszf.local/catalogi/api/v1/roltypen/de79cc8c-23a9-489d-8de3-a0ced4312928", "zaaktype": "http://open-zaak.iszf.local/catalogi/api/v1/zaaktypen/d414737f-f472-4488-aff0-033eeb47b7f4", "omschrijving": "BetrekkingOp", "omschrijving_generiek": "behandelaar"}, {"url": "http://open-zaak.iszf.local/catalogi/api/v1/roltypen/f2681cb4-8451-4795-9797-6ae4ddb65076", "zaaktype": "http://open-zaak.iszf.local/catalogi/api/v1/zaaktypen/d414737f-f472-4488-aff0-033eeb47b7f4", "omschrijving": "Betrokkene", "omschrijving_generiek": "behandelaar"}, {"url": "http://open-zaak.iszf.local/catalogi/api/v1/roltypen/c04fd79f-77ed-4987-8171-7c3aff49176e", "zaaktype": "http://open-zaak.iszf.local/catalogi/api/v1/zaaktypen/d414737f-f472-4488-aff0-033eeb47b7f4", "omschrijving": "Uitvoerende", "omschrijving_generiek": "behandelaar"}, {"url": "http://open-zaak.iszf.local/catalogi/api/v1/roltypen/e7e30d93-4d4e-43cd-b4a1-c2a740193f56", "zaaktype": "http://open-zaak.iszf.local/catalogi/api/v1/zaaktypen/d414737f-f472-4488-aff0-033eeb47b7f4", "omschrijving": "Verantwoordelijke", "omschrijving_generiek": "beslisser"}]