[{"url": "http://open-zaak.iszf.local/catalogi/api/v1/statustypen/d9159b4b-6607-46b3-9003-4decdab9e577", "omschrijving": "Einde", "omschrijving_generiek": "Einde", "statustekst": "", "zaaktype": "http://open-zaak.iszf.local/catalogi/api/v1/zaaktypen/a4c9b982-c89e-4290-a5b9-086bc17ffb64", "volgnummer": 9, "is_eindstatus": true, "informeren": false}, {"url": "http://open-zaak.iszf.local/catalogi/api/v1/statustypen/5987ac64-38a9-42bb-b645-f21c93ba4531", "omschrijving": "Ingetrokken", "omschrijving_generiek": "Ingetrokken", "statustekst": "", "zaaktype": "http://open-zaak.iszf.local/catalogi/api/v1/zaaktypen/a4c9b982-c89e-4290-a5b9-086bc17ffb64", "volgnummer": 8, "is_eindstatus": false, "informeren": false}, {"url": "http://open-zaak.iszf.local/catalogi/api/v1/statustypen/0fe5b5ab-5feb-4af0-ac74-fff13530e5cb", "omschrijving": "Besluitvorming afgerond", "omschrijving_generiek": "Besluitvorming afgerond", "statustekst": "", "zaaktype": "http://open-zaak.iszf.local/catalogi/api/v1/zaaktypen/a4c9b982-c89e-4290-a5b9-086bc17ffb64", "volgnummer": 7, "is_eindstatus": false, "informeren": false}, {"url": "http://open-zaak.iszf.local/catalogi/api/v1/statustypen/01271491-68ca-45ce-abd9-e9c58e31f69f", "omschrijving": "Voorstel voor besluitvorming opgesteld", "omschrijving_generiek": "Voorstel voor besluitvorming opgesteld", "statustekst": "", "zaaktype": "http://open-zaak.iszf.local/catalogi/api/v1/zaaktypen/a4c9b982-c89e-4290-a5b9-086bc17ffb64", "volgnummer": 6, "is_eindstatus": false, "informeren": false}, {"url": "http://open-zaak.iszf.local/catalogi/api/v1/statustypen/a2bd9455-3960-4f98-becb-074c4a6f6fc7", "omschrijving": "Onderzoek afgerond", "omschrijving_generiek": "Onderzoek afgerond", "statustekst": "", "zaaktype": "http://open-zaak.iszf.local/catalogi/api/v1/zaaktypen/a4c9b982-c89e-4290-a5b9-086bc17ffb64", "volgnummer": 5, "is_eindstatus": false, "informeren": false}, {"url": "http://open-zaak.iszf.local/catalogi/api/v1/statustypen/47f5a902-c144-4069-8195-fb24034a4e73", "omschrijving": "Afgehandeld", "omschrijving_generiek": "Afgehandeld", "statustekst": "", "zaaktype": "http://open-zaak.iszf.local/catalogi/api/v1/zaaktypen/a4c9b982-c89e-4290-a5b9-086bc17ffb64", "volgnummer": 4, "is_eindstatus": false, "informeren": false}, {"url": "http://open-zaak.iszf.local/catalogi/api/v1/statustypen/f910d3cd-4497-42a8-a35e-56a71b94d43a", "omschrijving": "In behandeling genomen", "omschrijving_generiek": "In behandeling genomen", "statustekst": "", "zaaktype": "http://open-zaak.iszf.local/catalogi/api/v1/zaaktypen/a4c9b982-c89e-4290-a5b9-086bc17ffb64", "volgnummer": 3, "is_eindstatus": false, "informeren": false}, {"url": "http://open-zaak.iszf.local/catalogi/api/v1/statustypen/7383dcfd-e699-4671-9cb9-898ee8f89e23", "omschrijving": "Geaccepteerd", "omschrijving_generiek": "Geaccepteerd", "statustekst": "", "zaaktype": "http://open-zaak.iszf.local/catalogi/api/v1/zaaktypen/a4c9b982-c89e-4290-a5b9-086bc17ffb64", "volgnummer": 2, "is_eindstatus": false, "informeren": false}, {"url": "http://open-zaak.iszf.local/catalogi/api/v1/statustypen/d546de5b-1f02-43ee-9116-5110db6c0fbd", "omschrijving": "Ontvangen", "omschrijving_generiek": "Ontvangen", "statustekst": "", "zaaktype": "http://open-zaak.iszf.local/catalogi/api/v1/zaaktypen/a4c9b982-c89e-4290-a5b9-086bc17ffb64", "volgnummer": 1, "is_eindstatus": false, "informeren": false}, {"url": "http://open-zaak.iszf.local/catalogi/api/v1/statustypen/8725c110-7aa5-4d80-9e01-cafd7b6dfc0a", "omschrijving": "Voorstel voor besluitvorming opgesteld", "omschrijving_generiek": "Voorstel voor besluitvorming opgesteld", "statustekst": "", "zaaktype": "http://open-zaak.iszf.local/catalogi/api/v1/zaaktypen/b20ccd01-0cc6-4abd-8714-a7fb52fe78b3", "volgnummer": 7, "is_eindstatus": true, "informeren": false}, {"url": "http://open-zaak.iszf.local/catalogi/api/v1/statustypen/ee0a2a78-21b1-47d4-9b37-8c6a176940b1", "omschrijving": "Ontvangen", "omschrijving_generiek": "Geregistreerd", "statustekst": "", "zaaktype": "http://open-zaak.iszf.local/catalogi/api/v1/zaaktypen/b20ccd01-0cc6-4abd-8714-a7fb52fe78b3", "volgnummer": 6, "is_eindstatus": false, "informeren": false}, {"url": "http://open-zaak.iszf.local/catalogi/api/v1/statustypen/267e0dc1-240e-4b13-b1ba-445a592a6b2e", "omschrijving": "Ingetrokken", "omschrijving_generiek": "", "statustekst": "", "zaaktype": "http://open-zaak.iszf.local/catalogi/api/v1/zaaktypen/b20ccd01-0cc6-4abd-8714-a7fb52fe78b3", "volgnummer": 5, "is_eindstatus": false, "informeren": false}, {"url": "http://open-zaak.iszf.local/catalogi/api/v1/statustypen/51d3880a-6779-4b00-bbca-d6a194f8942d", "omschrijving": "In behandeling genomen", "omschrijving_generiek": "In behandeling genomen", "statustekst": "", "zaaktype": "http://open-zaak.iszf.local/catalogi/api/v1/zaaktypen/b20ccd01-0cc6-4abd-8714-a7fb52fe78b3", "volgnummer": 4, "is_eindstatus": false, "informeren": false}, {"url": "http://open-zaak.iszf.local/catalogi/api/v1/statustypen/e10bec17-b169-4ba9-b053-0af478059c02", "omschrijving": "Geaccepteerd", "omschrijving_generiek": "Geaccepteerd", "statustekst": "", "zaaktype": "http://open-zaak.iszf.local/catalogi/api/v1/zaaktypen/b20ccd01-0cc6-4abd-8714-a7fb52fe78b3", "volgnummer": 3, "is_eindstatus": false, "informeren": false}, {"url": "http://open-zaak.iszf.local/catalogi/api/v1/statustypen/5732d907-c7bb-48ba-84fc-629ed806400d", "omschrijving": "Besluitvorming afgerond", "omschrijving_generiek": "Besluitvorming afgerond", "statustekst": "", "zaaktype": "http://open-zaak.iszf.local/catalogi/api/v1/zaaktypen/b20ccd01-0cc6-4abd-8714-a7fb52fe78b3", "volgnummer": 2, "is_eindstatus": false, "informeren": false}, {"url": "http://open-zaak.iszf.local/catalogi/api/v1/statustypen/b64b5852-a1b2-4235-8556-8e5d022229a8", "omschrijving": "Afgehandeld", "omschrijving_generiek": "Afgehandeld", "statustekst": "", "zaaktype": "http://open-zaak.iszf.local/catalogi/api/v1/zaaktypen/b20ccd01-0cc6-4abd-8714-a7fb52fe78b3", "volgnummer": 1, "is_eindstatus": false, "informeren": false}, {"url": "http://open-zaak.iszf.local/catalogi/api/v1/statustypen/42f816ab-f74c-4cc6-9059-cd1842d7dfa0", "omschrijving": "Voorstel voor besluitvorming opgesteld", "omschrijving_generiek": "Voorstel voor besluitvorming opgesteld", "statustekst": "", "zaaktype": "http://open-zaak.iszf.local/catalogi/api/v1/zaaktypen/c5363f14-3a0c-4002-8e45-76b30bb3fea1", "volgnummer": 7, "is_eindstatus": true, "informeren": false}, {"url": "http://open-zaak.iszf.local/catalogi/api/v1/statustypen/32ec026a-93d4-4645-a993-3cedbeb865ff", "omschrijving": "Ontvangen", "omschrijving_generiek": "Ontvangen", "statustekst": "", "zaaktype": "http://open-zaak.iszf.local/catalogi/api/v1/zaaktypen/c5363f14-3a0c-4002-8e45-76b30bb3fea1", "volgnummer": 6, "is_eindstatus": false, "informeren": false}, {"url": "http://open-zaak.iszf.local/catalogi/api/v1/statustypen/f2efed84-4d5e-47a6-8a1b-c6b211bcd028", "omschrijving": "Ingetrokken", "omschrijving_generiek": "", "statustekst": "", "zaaktype": "http://open-zaak.iszf.local/catalogi/api/v1/zaaktypen/c5363f14-3a0c-4002-8e45-76b30bb3fea1", "volgnummer": 5, "is_eindstatus": false, "informeren": false}, {"url": "http://open-zaak.iszf.local/catalogi/api/v1/statustypen/5bd1a863-db05-432a-b31b-a56400ed5555", "omschrijving": "In behandeling genomen", "omschrijving_generiek": "In behandeling genomen", "statustekst": "", "zaaktype": "http://open-zaak.iszf.local/catalogi/api/v1/zaaktypen/c5363f14-3a0c-4002-8e45-76b30bb3fea1", "volgnummer": 4, "is_eindstatus": false, "informeren": false}, {"url": "http://open-zaak.iszf.local/catalogi/api/v1/statustypen/8cea89b2-acb4-4e77-a250-09879d8d44d3", "omschrijving": "Geaccepteerd", "omschrijving_generiek": "Geaccepteerd", "statustekst": "", "zaaktype": "http://open-zaak.iszf.local/catalogi/api/v1/zaaktypen/c5363f14-3a0c-4002-8e45-76b30bb3fea1", "volgnummer": 3, "is_eindstatus": false, "informeren": false}, {"url": "http://open-zaak.iszf.local/catalogi/api/v1/statustypen/685e34f7-3b78-4a79-b60f-4b70e0c06e02", "omschrijving": "Besluitvorming afgerond", "omschrijving_generiek": "Besluitvorming afgerond", "statustekst": "", "zaaktype": "http://open-zaak.iszf.local/catalogi/api/v1/zaaktypen/c5363f14-3a0c-4002-8e45-76b30bb3fea1", "volgnummer": 2, "is_eindstatus": false, "informeren": false}, {"url": "http://open-zaak.iszf.local/catalogi/api/v1/statustypen/f2f3a99f-6436-4224-9a0f-baafcb909244", "omschrijving": "Afgehandeld", "omschrijving_generiek": "Afgehandeld", "statustekst": "", "zaaktype": "http://open-zaak.iszf.local/catalogi/api/v1/zaaktypen/c5363f14-3a0c-4002-8e45-76b30bb3fea1", "volgnummer": 1, "is_eindstatus": false, "informeren": false}, {"url": "http://open-zaak.iszf.local/catalogi/api/v1/statustypen/75f348eb-4946-4c96-914b-cb8678c27bcc", "omschrijving": "Afgehandeld", "omschrijving_generiek": "Afgehandeld", "statustekst": "", "zaaktype": "http://open-zaak.iszf.local/catalogi/api/v1/zaaktypen/bd8e4a3a-b83d-4fd1-a7a3-43376a205787", "volgnummer": 4, "is_eindstatus": true, "informeren": false}, {"url": "http://open-zaak.iszf.local/catalogi/api/v1/statustypen/4c60f817-3f2b-425f-b875-594ce1ffd464", "omschrijving": "In behandeling genomen", "omschrijving_generiek": "In behandeling genomen", "statustekst": "", "zaaktype": "http://open-zaak.iszf.local/catalogi/api/v1/zaaktypen/bd8e4a3a-b83d-4fd1-a7a3-43376a205787", "volgnummer": 3, "is_eindstatus": false, "informeren": false}, {"url": "http://open-zaak.iszf.local/catalogi/api/v1/statustypen/48686038-3f2a-41cf-b864-2d7d536ceaa8", "omschrijving": "Geaccepteerd", "omschrijving_generiek": "Geaccepteerd", "statustekst": "", "zaaktype": "http://open-zaak.iszf.local/catalogi/api/v1/zaaktypen/bd8e4a3a-b83d-4fd1-a7a3-43376a205787", "volgnummer": 2, "is_eindstatus": false, "informeren": false}, {"url": "http://open-zaak.iszf.local/catalogi/api/v1/statustypen/c60c3cf4-203d-43e9-9f75-d338879651ba", "omschrijving": "Geregistreerd", "omschrijving_generiek": "Geregistreerd", "statustekst": "", "zaaktype": "http://open-zaak.iszf.local/catalogi/api/v1/zaaktypen/bd8e4a3a-b83d-4fd1-a7a3-43376a205787", "volgnummer": 1, "is_eindstatus": false, "informeren": false}, {"url": "http://open-zaak.iszf.local/catalogi/api/v1/statustypen/8829aece-125e-4d79-bd8e-27f81aca9e62", "omschrijving": "Voorstel voor besluitvorming opgesteld", "omschrijving_generiek": "Voorstel voor besluitvorming opgesteld", "statustekst": "", "zaaktype": "http://open-zaak.iszf.local/catalogi/api/v1/zaaktypen/d414737f-f472-4488-aff0-033eeb47b7f4", "volgnummer": 7, "is_eindstatus": true, "informeren": false}, {"url": "http://open-zaak.iszf.local/catalogi/api/v1/statustypen/40a57623-1242-4a69-a70e-531bf199e0bc", "omschrijving": "Ontvangen", "omschrijving_generiek": "Ontvangen", "statustekst": "", "zaaktype": "http://open-zaak.iszf.local/catalogi/api/v1/zaaktypen/d414737f-f472-4488-aff0-033eeb47b7f4", "volgnummer": 6, "is_eindstatus": false, "informeren": false}, {"url": "http://open-zaak.iszf.local/catalogi/api/v1/statustypen/c42592f5-2f35-4484-9e05-0ebb8ef7f94c", "omschrijving": "Ingetrokken", "omschrijving_generiek": "", "statustekst": "", "zaaktype": "http://open-zaak.iszf.local/catalogi/api/v1/zaaktypen/d414737f-f472-4488-aff0-033eeb47b7f4", "volgnummer": 5, "is_eindstatus": false, "informeren": false}, {"url": "http://open-zaak.iszf.local/catalogi/api/v1/statustypen/e7ff874d-686a-4543-bb44-42ba9e476fef", "omschrijving": "In behandeling genomen", "omschrijving_generiek": "In behandeling genomen", "statustekst": "", "zaaktype": "http://open-zaak.iszf.local/catalogi/api/v1/zaaktypen/d414737f-f472-4488-aff0-033eeb47b7f4", "volgnummer": 4, "is_eindstatus": false, "informeren": false}, {"url": "http://open-zaak.iszf.local/catalogi/api/v1/statustypen/e57da4c2-761b-4c3b-9719-c5f13d178070", "omschrijving": "Geaccepteerd", "omschrijving_generiek": "Geaccepteerd", "statustekst": "", "zaaktype": "http://open-zaak.iszf.local/catalogi/api/v1/zaaktypen/d414737f-f472-4488-aff0-033eeb47b7f4", "volgnummer": 3, "is_eindstatus": false, "informeren": false}, {"url": "http://open-zaak.iszf.local/catalogi/api/v1/statustypen/e4c28246-e2ef-411c-9c4b-b8f8475e6855", "omschrijving": "Besluitvorming afgerond", "omschrijving_generiek": "Besluitvorming afgerond", "statustekst": "", "zaaktype": "http://open-zaak.iszf.local/catalogi/api/v1/zaaktypen/d414737f-f472-4488-aff0-033eeb47b7f4", "volgnummer": 2, "is_eindstatus": false, "informeren": false}, {"url": "http://open-zaak.iszf.local/catalogi/api/v1/statustypen/ff3c6ab4-e701-40d5-929b-8a925b92e1a9", "omschrijving": "Afgehandeld", "omschrijving_generiek": "Afgehandeld", "statustekst": "", "zaaktype": "http://open-zaak.iszf.local/catalogi/api/v1/zaaktypen/d414737f-f472-4488-aff0-033eeb47b7f4", "volgnummer": 1, "is_eindstatus": false, "informeren": false}]