[{"url": "http://open-zaak.iszf.local/catalogi/api/v1/zaaktype-informatieobjecttypen/f7a152d9-e427-4e34-9835-86537adb1e95", "zaaktype": "http://open-zaak.iszf.local/catalogi/api/v1/zaaktypen/a4c9b982-c89e-4290-a5b9-086bc17ffb64", "informatieobjecttype": "http://open-zaak.iszf.local/catalogi/api/v1/informatieobjecttypen/c7d22f61-e61f-43c6-b363-3a58223c43fe", "volgnummer": 1, "richting": "inkomend", "statustype": null}, {"url": "http://open-zaak.iszf.local/catalogi/api/v1/zaaktype-informatieobjecttypen/c32dfa8d-ebfa-4875-93f0-1893ea487f6b", "zaaktype": "http://open-zaak.iszf.local/catalogi/api/v1/zaaktypen/a4c9b982-c89e-4290-a5b9-086bc17ffb64", "informatieobjecttype": "http://open-zaak.iszf.local/catalogi/api/v1/informatieobjecttypen/c87e4c5d-a894-47b8-8e01-87cefd690f4d", "volgnummer": 2, "richting": "uitgaand", "statustype": null}, {"url": "http://open-zaak.iszf.local/catalogi/api/v1/zaaktype-informatieobjecttypen/68e38c43-fd26-4454-a439-a944deeffb01", "zaaktype": "http://open-zaak.iszf.local/catalogi/api/v1/zaaktypen/a4c9b982-c89e-4290-a5b9-086bc17ffb64", "informatieobjecttype": "http://open-zaak.iszf.local/catalogi/api/v1/informatieobjecttypen/e3555763-3347-4dd6-a9fb-7c7f27a8933a", "volgnummer": 3, "richting": "uitgaand", "statustype": null}, {"url": "http://open-zaak.iszf.local/catalogi/api/v1/zaaktype-informatieobjecttypen/30e8a5ee-b0c5-4d73-8f2b-3a0185e21ff3", "zaaktype": "http://open-zaak.iszf.local/catalogi/api/v1/zaaktypen/a4c9b982-c89e-4290-a5b9-086bc17ffb64", "informatieobjecttype": "http://open-zaak.iszf.local/catalogi/api/v1/informatieobjecttypen/be424a12-c79c-4976-84ff-f3a4c45d7a5c", "volgnummer": 4, "richting": "uitgaand", "statustype": null}, {"url": "http://open-zaak.iszf.local/catalogi/api/v1/zaaktype-informatieobjecttypen/9654f3e1-7e1f-488f-a387-9d0b27620c86", "zaaktype": "http://open-zaak.iszf.local/catalogi/api/v1/zaaktypen/a4c9b982-c89e-4290-a5b9-086bc17ffb64", "informatieobjecttype": "http://open-zaak.iszf.local/catalogi/api/v1/informatieobjecttypen/68285b66-e1fa-458d-8789-e94be9258b9d", "volgnummer": 5, "richting": "uitgaand", "statustype": null}, {"url": "http://open-zaak.iszf.local/catalogi/api/v1/zaaktype-informatieobjecttypen/2c9a85a5-ee66-4f04-8a5a-1526fea4587c", "zaaktype": "http://open-zaak.iszf.local/catalogi/api/v1/zaaktypen/a4c9b982-c89e-4290-a5b9-086bc17ffb64", "informatieobjecttype": "http://open-zaak.iszf.local/catalogi/api/v1/informatieobjecttypen/8bca94f7-eee0-4c76-8c64-c1f050192560", "volgnummer": 6, "richting": "uitgaand", "statustype": null}, {"url": "http://open-zaak.iszf.local/catalogi/api/v1/zaaktype-informatieobjecttypen/028e0c86-267a-4662-a2b2-d8af95dfa7cd", "zaaktype": "http://open-zaak.iszf.local/catalogi/api/v1/zaaktypen/a4c9b982-c89e-4290-a5b9-086bc17ffb64", "informatieobjecttype": "http://open-zaak.iszf.local/catalogi/api/v1/informatieobjecttypen/949e3770-6b90-4d54-91ff-7853e8ae1390", "volgnummer": 7, "richting": "intern", "statustype": null}, {"url": "http://open-zaak.iszf.local/catalogi/api/v1/zaaktype-informatieobjecttypen/e0b13eda-f83f-4931-b020-f3e1c5e9f2f3", "zaaktype": "http://open-zaak.iszf.local/catalogi/api/v1/zaaktypen/a4c9b982-c89e-4290-a5b9-086bc17ffb64", "informatieobjecttype": "http://open-zaak.iszf.local/catalogi/api/v1/informatieobjecttypen/6432b2c9-7843-4f80-a563-86b354b2b09f", "volgnummer": 8, "richting": "inkomend", "statustype": null}, {"url": "http://open-zaak.iszf.local/catalogi/api/v1/zaaktype-informatieobjecttypen/fb8befa9-1962-4796-a154-ea6cd8aeb9e2", "zaaktype": "http://open-zaak.iszf.local/catalogi/api/v1/zaaktypen/a4c9b982-c89e-4290-a5b9-086bc17ffb64", "informatieobjecttype": "http://open-zaak.iszf.local/catalogi/api/v1/informatieobjecttypen/dfca2904-c16f-4c06-af17-3e9bcb1eeb8d", "volgnummer": 9, "richting": "inkomend", "statustype": null}, {"url": "http://open-zaak.iszf.local/catalogi/api/v1/zaaktype-informatieobjecttypen/c499b4e4-5dd8-4069-bd6e-b4e6f339005a", "zaaktype": "http://open-zaak.iszf.local/catalogi/api/v1/zaaktypen/a4c9b982-c89e-4290-a5b9-086bc17ffb64", "informatieobjecttype": "http://open-zaak.iszf.local/catalogi/api/v1/informatieobjecttypen/f69cc69d-0b41-4cfc-a137-a6317302f09a", "volgnummer": 10, "richting": "inkomend", "statustype": null}, {"url": "http://open-zaak.iszf.local/catalogi/api/v1/zaaktype-informatieobjecttypen/ab60716b-fff1-43be-82fb-32da6ac286c6", "zaaktype": "http://open-zaak.iszf.local/catalogi/api/v1/zaaktypen/a4c9b982-c89e-4290-a5b9-086bc17ffb64", "informatieobjecttype": "http://open-zaak.iszf.local/catalogi/api/v1/informatieobjecttypen/b050f49e-7d21-451e-86eb-124f266c5284", "volgnummer": 11, "richting": "uitgaand", "statustype": null}, {"url": "http://open-zaak.iszf.local/catalogi/api/v1/zaaktype-informatieobjecttypen/44817ee7-12ce-41c6-bbee-d3d34c8b6bd6", "zaaktype": "http://open-zaak.iszf.local/catalogi/api/v1/zaaktypen/a4c9b982-c89e-4290-a5b9-086bc17ffb64", "informatieobjecttype": "http://open-zaak.iszf.local/catalogi/api/v1/informatieobjecttypen/0a6045c9-91ca-4a3f-a000-ad7ea7b9ef8a", "volgnummer": 12, "richting": "inkomend", "statustype": null}, {"url": "http://open-zaak.iszf.local/catalogi/api/v1/zaaktype-informatieobjecttypen/96ae3c64-40bb-414c-8e62-1b2768e6a1a4", "zaaktype": "http://open-zaak.iszf.local/catalogi/api/v1/zaaktypen/a4c9b982-c89e-4290-a5b9-086bc17ffb64", "informatieobjecttype": "http://open-zaak.iszf.local/catalogi/api/v1/informatieobjecttypen/41ebd401-149c-4f09-9e4a-e97ff6530654", "volgnummer": 13, "richting": "inkomend", "statustype": null}, {"url": "http://open-zaak.iszf.local/catalogi/api/v1/zaaktype-informatieobjecttypen/04cd2aed-5eb4-4e1a-83f2-ddf087ddb38d", "zaaktype": "http://open-zaak.iszf.local/catalogi/api/v1/zaaktypen/a4c9b982-c89e-4290-a5b9-086bc17ffb64", "informatieobjecttype": "http://open-zaak.iszf.local/catalogi/api/v1/informatieobjecttypen/45fc71f9-c40c-42c2-a89c-6551a134fc68", "volgnummer": 14, "richting": "intern", "statustype": null}, {"url": "http://open-zaak.iszf.local/catalogi/api/v1/zaaktype-informatieobjecttypen/2c28208f-f05b-4ea0-b783-c0e85f709b7a", "zaaktype": "http://open-zaak.iszf.local/catalogi/api/v1/zaaktypen/a4c9b982-c89e-4290-a5b9-086bc17ffb64", "informatieobjecttype": "http://open-zaak.iszf.local/catalogi/api/v1/informatieobjecttypen/42924983-e804-4942-94e4-0f67292ec9f8", "volgnummer": 15, "richting": "intern", "statustype": null}, {"url": "http://open-zaak.iszf.local/catalogi/api/v1/zaaktype-informatieobjecttypen/3377bee2-ebd7-4d5a-a732-caa56330e235", "zaaktype": "http://open-zaak.iszf.local/catalogi/api/v1/zaaktypen/a4c9b982-c89e-4290-a5b9-086bc17ffb64", "informatieobjecttype": "http://open-zaak.iszf.local/catalogi/api/v1/informatieobjecttypen/6033a97f-25ac-4461-b4d1-e512831e4cb3", "volgnummer": 16, "richting": "intern", "statustype": null}, {"url": "http://open-zaak.iszf.local/catalogi/api/v1/zaaktype-informatieobjecttypen/b07d27c2-1102-47b6-9c94-a99d87f53b75", "zaaktype": "http://open-zaak.iszf.local/catalogi/api/v1/zaaktypen/a4c9b982-c89e-4290-a5b9-086bc17ffb64", "informatieobjecttype": "http://open-zaak.iszf.local/catalogi/api/v1/informatieobjecttypen/6304f862-110c-4549-8f0c-8abecfaea393", "volgnummer": 17, "richting": "inkomend", "statustype": null}, {"url": "http://open-zaak.iszf.local/catalogi/api/v1/zaaktype-informatieobjecttypen/ae1f991e-9778-4ef7-880c-9ecb8863f232", "zaaktype": "http://open-zaak.iszf.local/catalogi/api/v1/zaaktypen/b20ccd01-0cc6-4abd-8714-a7fb52fe78b3", "informatieobjecttype": "http://open-zaak.iszf.local/catalogi/api/v1/informatieobjecttypen/0a6045c9-91ca-4a3f-a000-ad7ea7b9ef8a", "volgnummer": 1, "richting": "inkomend", "statustype": null}, {"url": "http://open-zaak.iszf.local/catalogi/api/v1/zaaktype-informatieobjecttypen/f529b917-f91e-4a60-bd5c-e64dd9b51e75", "zaaktype": "http://open-zaak.iszf.local/catalogi/api/v1/zaaktypen/bd8e4a3a-b83d-4fd1-a7a3-43376a205787", "informatieobjecttype": "http://open-zaak.iszf.local/catalogi/api/v1/informatieobjecttypen/45fc71f9-c40c-42c2-a89c-6551a134fc68", "volgnummer": 1, "richting": "intern", "statustype": null}]