[{"url": "http://open-zaak.iszf.local/catalogi/api/v1/zaaktypen/b20ccd01-0cc6-4abd-8714-a7fb52fe78b3", "identificatie": "B1595", "omschrijving": "Individuele inkomenstoeslag", "omschrijving_generiek": "Individuele inkomenstoeslag", "vertrouwelijkheidaanduiding": "vertrouwelijk", "doel": "Het beoordelen van een aanvraag voor een individuele inkomenstoeslag.", "aanleiding": "Dit werkproces wordt extern getriggerd door een inkomende aanvraag.", "toelichting": "Het beoordelen van een aanvraag voor een individuele inkomenstoeslag. Deze inkomenstoeslag is bedoeld voor uitkeringsgerechtigden met een langdurig en laag inkomen. Het kan hierbij gaan om bijstandsgerechtigden, IOAW-ers of IOAZ-ers. De gemeente geeft in een verordening zelf invulling aan de begrippen 'langdurig' en 'laag'. Bovendien wordt bij iedere aanvraag gecontroleerd of er echt geen zicht is op inkomensverbetering. Ook hiervoor kan het college zelf in de verordening de inkomensgrens vaststellen en daarmee is de maximale grens van 110% van de betreffende bijstandsnorm vervallen.", "indicatie_intern_of_extern": "extern", "handeling_initiator": "Aanvragen", "onderwerp": "Aanvraag Individuele Inkomenstoeslag behandelen", "handeling_behandelaar": "Behandelen", "doorlooptijd": "P56D", "servicenorm": "P56D", "opschorting_en_aanhouding_mogelijk": true, "verlenging_mogelijk": false, "verlengingstermijn": null, "trefwoorden": ["Inkomenstoeslag"], "publicatie_indicatie": false, "publicatietekst": "", "verantwoordingsrelatie": [], "producten_of_diensten": ["https://referentielijsten-api.vng.cloud/api/v1/procestypen/3030daa1-d516-4cd9-8276-ef0977e32b20"], "selectielijst_procestype": "https://selectielijst.openzaak.nl/api/v1/procestypen/9be366e2-f63c-494a-8a77-62446251b006", "referentieproces": {"naam": "Behandelen verzoek ondersteuningsproduct", "link": "https://www.gemmaonline.nl/index.php/GEMMA2/0.9/id-1b8adc39-0288-4f7a-a0b9-c53ad4e348f5"}, "catalogus": "http://open-zaak.iszf.local/catalogi/api/v1/catalogussen/2c7831fe-8ed2-4bf2-a205-c3f032e51a49", "statustypen": ["http://open-zaak.iszf.local/catalogi/api/v1/statustypen/8725c110-7aa5-4d80-9e01-cafd7b6dfc0a", "http://open-zaak.iszf.local/catalogi/api/v1/statustypen/ee0a2a78-21b1-47d4-9b37-8c6a176940b1", "http://open-zaak.iszf.local/catalogi/api/v1/statustypen/267e0dc1-240e-4b13-b1ba-445a592a6b2e", "http://open-zaak.iszf.local/catalogi/api/v1/statustypen/51d3880a-6779-4b00-bbca-d6a194f8942d", "http://open-zaak.iszf.local/catalogi/api/v1/statustypen/e10bec17-b169-4ba9-b053-0af478059c02", "http://open-zaak.iszf.local/catalogi/api/v1/statustypen/5732d907-c7bb-48ba-84fc-629ed806400d", "http://open-zaak.iszf.local/catalogi/api/v1/statustypen/b64b5852-a1b2-4235-8556-8e5d022229a8"], "resultaattypen": ["http://open-zaak.iszf.local/catalogi/api/v1/resultaattypen/6660c258-2dfd-4d4d-bd67-de269b748556", "http://open-zaak.iszf.local/catalogi/api/v1/resultaattypen/67390143-74f9-49fd-b72d-a637314141c8", "http://open-zaak.iszf.local/catalogi/api/v1/resultaattypen/8bbf4886-a112-470e-97ca-17de056e8df6", "http://open-zaak.iszf.local/catalogi/api/v1/resultaattypen/ef14f3aa-1041-4bf2-98d2-dd55303782f4"], "eigenschappen": [], "informatieobjecttypen": ["http://open-zaak.iszf.local/catalogi/api/v1/informatieobjecttypen/0a6045c9-91ca-4a3f-a000-ad7ea7b9ef8a"], "roltypen": ["http://open-zaak.iszf.local/catalogi/api/v1/roltypen/894d77d0-64b2-4026-a34d-e3bb15541c9b", "http://open-zaak.iszf.local/catalogi/api/v1/roltypen/3c00e8fc-3710-4cf7-82e7-984bfb030342", "http://open-zaak.iszf.local/catalogi/api/v1/roltypen/c53ea219-a261-4f71-aa2b-473bb10d62e3", "http://open-zaak.iszf.local/catalogi/api/v1/roltypen/f6877a5f-8012-4912-a517-9702dc790bb4", "http://open-zaak.iszf.local/catalogi/api/v1/roltypen/65036d2f-7cfc-4781-9448-f77c7da5f42a", "http://open-zaak.iszf.local/catalogi/api/v1/roltypen/16d3a873-86a9-4de5-b009-71fae14d101c", "http://open-zaak.iszf.local/catalogi/api/v1/roltypen/4773bb5f-4871-49a8-a2f5-e319005f6c84", "http://open-zaak.iszf.local/catalogi/api/v1/roltypen/04d7b980-46e2-462c-b267-7fdfb5074480", "http://open-zaak.iszf.local/catalogi/api/v1/roltypen/106139e1-2ff4-4d68-9f35-0a7e9894c073", "http://open-zaak.iszf.local/catalogi/api/v1/roltypen/55d0c958-cc96-4743-8d9f-3f53b91433c2", "http://open-zaak.iszf.local/catalogi/api/v1/roltypen/6d323b56-714e-49b5-a904-d1162f030b13"], "besluittypen": [], "deelzaaktypen": [], "gerelateerde_zaaktypen": [], "begin_geldigheid": "2020-06-18", "einde_geldigheid": null, "versiedatum": "2020-06-18", "concept": false}, {"url": "http://open-zaak.iszf.local/catalogi/api/v1/zaaktypen/a4c9b982-c89e-4290-a5b9-086bc17ffb64", "identificatie": "B1026", "omschrijving": "Minimaregeling aanvraag", "omschrijving_generiek": "Minimaregeling aanvraag", "vertrouwelijkheidaanduiding": "vertrouwelijk", "doel": "Dit werkproces betreft het beoordelen van een aanvraag voor een minimaregeling. Een minimaregeling is een inkomensondersteunende voorziening voor mensen met een inkomen dat niet hoger is dan 110% van het sociaal minimum. De gemeente kan deze (gedeeltelijke) vergoeding toekennen voor kosten van witgoedapparatuur, kosten voor kinderen en kosten in verband met ouderdom, een handicap of chronische ziekte. Zie voor de minimaregeling voor de kosten in verband met een ziektekostenverzekering werkproces B1261 \"Collectieve aanvullende zorgverzekering\"", "aanleiding": "Aanvraag", "toelichting": "", "indicatie_intern_of_extern": "intern", "handeling_initiator": "aanvragen", "onderwerp": "onderwerp", "handeling_behandelaar": "handelingBehandelaar", "doorlooptijd": "P30D", "servicenorm": null, "opschorting_en_aanhouding_mogelijk": true, "verlenging_mogelijk": false, "verlengingstermijn": null, "trefwoorden": [], "publicatie_indicatie": true, "publicatietekst": "", "verantwoordingsrelatie": [], "producten_of_diensten": ["https://referentielijsten-api.vng.cloud/api/v1/procestypen/3030daa1-d516-4cd9-8276-ef0977e32b20"], "selectielijst_procestype": "https://selectielijst.openzaak.nl/api/v1/procestypen/e1b73b12-b2f6-4c4e-8929-94f84dd2a57d", "referentieproces": {"naam": "Verzoeken behandelen", "link": "https://referentielijsten-api.vng.cloud/api/v1/procestypen/3030daa1-d516-4cd9-8276-ef0977e32b20"}, "catalogus": "http://open-zaak.iszf.local/catalogi/api/v1/catalogussen/2c7831fe-8ed2-4bf2-a205-c3f032e51a49", "statustypen": ["http://open-zaak.iszf.local/catalogi/api/v1/statustypen/d9159b4b-6607-46b3-9003-4decdab9e577", "http://open-zaak.iszf.local/catalogi/api/v1/statustypen/5987ac64-38a9-42bb-b645-f21c93ba4531", "http://open-zaak.iszf.local/catalogi/api/v1/statustypen/0fe5b5ab-5feb-4af0-ac74-fff13530e5cb", "http://open-zaak.iszf.local/catalogi/api/v1/statustypen/01271491-68ca-45ce-abd9-e9c58e31f69f", "http://open-zaak.iszf.local/catalogi/api/v1/statustypen/a2bd9455-3960-4f98-becb-074c4a6f6fc7", "http://open-zaak.iszf.local/catalogi/api/v1/statustypen/47f5a902-c144-4069-8195-fb24034a4e73", "http://open-zaak.iszf.local/catalogi/api/v1/statustypen/f910d3cd-4497-42a8-a35e-56a71b94d43a", "http://open-zaak.iszf.local/catalogi/api/v1/statustypen/7383dcfd-e699-4671-9cb9-898ee8f89e23", "http://open-zaak.iszf.local/catalogi/api/v1/statustypen/d546de5b-1f02-43ee-9116-5110db6c0fbd"], "resultaattypen": ["http://open-zaak.iszf.local/catalogi/api/v1/resultaattypen/1bc40079-e03b-4ebe-9ad0-72dcd631293d", "http://open-zaak.iszf.local/catalogi/api/v1/resultaattypen/63173f5d-0f6b-4f58-b31e-f354b7561569", "http://open-zaak.iszf.local/catalogi/api/v1/resultaattypen/cec52ec4-4a47-4947-9265-299ab24a9894", "http://open-zaak.iszf.local/catalogi/api/v1/resultaattypen/2c9a025a-6be0-4d56-b21c-d7b482c1b730"], "eigenschappen": [], "informatieobjecttypen": ["http://open-zaak.iszf.local/catalogi/api/v1/informatieobjecttypen/c7d22f61-e61f-43c6-b363-3a58223c43fe", "http://open-zaak.iszf.local/catalogi/api/v1/informatieobjecttypen/c87e4c5d-a894-47b8-8e01-87cefd690f4d", "http://open-zaak.iszf.local/catalogi/api/v1/informatieobjecttypen/e3555763-3347-4dd6-a9fb-7c7f27a8933a", "http://open-zaak.iszf.local/catalogi/api/v1/informatieobjecttypen/be424a12-c79c-4976-84ff-f3a4c45d7a5c", "http://open-zaak.iszf.local/catalogi/api/v1/informatieobjecttypen/68285b66-e1fa-458d-8789-e94be9258b9d", "http://open-zaak.iszf.local/catalogi/api/v1/informatieobjecttypen/8bca94f7-eee0-4c76-8c64-c1f050192560", "http://open-zaak.iszf.local/catalogi/api/v1/informatieobjecttypen/949e3770-6b90-4d54-91ff-7853e8ae1390", "http://open-zaak.iszf.local/catalogi/api/v1/informatieobjecttypen/6432b2c9-7843-4f80-a563-86b354b2b09f", "http://open-zaak.iszf.local/catalogi/api/v1/informatieobjecttypen/dfca2904-c16f-4c06-af17-3e9bcb1eeb8d", "http://open-zaak.iszf.local/catalogi/api/v1/informatieobjecttypen/f69cc69d-0b41-4cfc-a137-a6317302f09a", "http://open-zaak.iszf.local/catalogi/api/v1/informatieobjecttypen/b050f49e-7d21-451e-86eb-124f266c5284", "http://open-zaak.iszf.local/catalogi/api/v1/informatieobjecttypen/0a6045c9-91ca-4a3f-a000-ad7ea7b9ef8a", "http://open-zaak.iszf.local/catalogi/api/v1/informatieobjecttypen/41ebd401-149c-4f09-9e4a-e97ff6530654", "http://open-zaak.iszf.local/catalogi/api/v1/informatieobjecttypen/45fc71f9-c40c-42c2-a89c-6551a134fc68", "http://open-zaak.iszf.local/catalogi/api/v1/informatieobjecttypen/42924983-e804-4942-94e4-0f67292ec9f8", "http://open-zaak.iszf.local/catalogi/api/v1/informatieobjecttypen/6033a97f-25ac-4461-b4d1-e512831e4cb3", "http://open-zaak.iszf.local/catalogi/api/v1/informatieobjecttypen/6304f862-110c-4549-8f0c-8abecfaea393"], "roltypen": ["http://open-zaak.iszf.local/catalogi/api/v1/roltypen/6e049c7f-8a5c-4316-991a-7921d6b042b1", "http://open-zaak.iszf.local/catalogi/api/v1/roltypen/08049c95-02fc-4e72-84be-a41f92a4cfbe", "http://open-zaak.iszf.local/catalogi/api/v1/roltypen/4e766f52-b12e-443d-9e6b-6cf759a49118", "http://open-zaak.iszf.local/catalogi/api/v1/roltypen/9af564ea-8abc-45cb-ad4f-f46ff8b850bb", "http://open-zaak.iszf.local/catalogi/api/v1/roltypen/7947dfcd-a22e-45bf-a94b-28cfe189a974", "http://open-zaak.iszf.local/catalogi/api/v1/roltypen/f476e4a9-7dce-4cf0-bfc5-5c534c58e5ea", "http://open-zaak.iszf.local/catalogi/api/v1/roltypen/39e31a2e-ec4c-464b-9e95-09764cd3343e", "http://open-zaak.iszf.local/catalogi/api/v1/roltypen/2b8eb1be-acfe-41c5-8797-8bb277d9e442"], "besluittypen": [], "deelzaaktypen": [], "gerelateerde_zaaktypen": [], "begin_geldigheid": "2020-06-16", "einde_geldigheid": null, "versiedatum": "2020-06-16", "concept": false}, {"url": "http://open-zaak.iszf.local/catalogi/api/v1/zaaktypen/bd8e4a3a-b83d-4fd1-a7a3-43376a205787", "identificatie": "LP00000014", "omschrijving": "Geautomatiseerde test", "omschrijving_generiek": "", "vertrouwelijkheidaanduiding": "intern", "doel": "Geautomatiseerde test", "aanleiding": "Geautomatiseerde test", "toelichting": "", "indicatie_intern_of_extern": "intern", "handeling_initiator": "Geautomatiseerde tes", "onderwerp": "Geautomatiseerde testt", "handeling_behandelaar": "Geautomatiseerde tes", "doorlooptijd": "P1D", "servicenorm": null, "opschorting_en_aanhouding_mogelijk": false, "verlenging_mogelijk": false, "verlengingstermijn": null, "trefwoorden": [], "publicatie_indicatie": false, "publicatietekst": "", "verantwoordingsrelatie": [], "producten_of_diensten": ["https://fieldlab.westeurope.cloudapp.azure.com/admin/catalogi/zaaktype/add/?_changelist_filters=catalogus__id__exact%3D2"], "selectielijst_procestype": "https://selectielijst.openzaak.nl/api/v1/procestypen/e1b73b12-b2f6-4c4e-8929-94f84dd2a57d", "referentieproces": {"naam": "Geautomatiseerde test", "link": ""}, "catalogus": "http://open-zaak.iszf.local/catalogi/api/v1/catalogussen/2c7831fe-8ed2-4bf2-a205-c3f032e51a49", "statustypen": ["http://open-zaak.iszf.local/catalogi/api/v1/statustypen/75f348eb-4946-4c96-914b-cb8678c27bcc", "http://open-zaak.iszf.local/catalogi/api/v1/statustypen/4c60f817-3f2b-425f-b875-594ce1ffd464", "http://open-zaak.iszf.local/catalogi/api/v1/statustypen/48686038-3f2a-41cf-b864-2d7d536ceaa8", "http://open-zaak.iszf.local/catalogi/api/v1/statustypen/c60c3cf4-203d-43e9-9f75-d338879651ba"], "resultaattypen": [], "eigenschappen": [], "informatieobjecttypen": ["http://open-zaak.iszf.local/catalogi/api/v1/informatieobjecttypen/45fc71f9-c40c-42c2-a89c-6551a134fc68"], "roltypen": ["http://open-zaak.iszf.local/catalogi/api/v1/roltypen/e155d650-0435-4082-ba41-a9bda565046e", "http://open-zaak.iszf.local/catalogi/api/v1/roltypen/481fd8cc-b8f8-4a5c-84f8-a9d9431ac0a0", "http://open-zaak.iszf.local/catalogi/api/v1/roltypen/ebdb43cf-aecd-48af-96ed-0568ea54207b", "http://open-zaak.iszf.local/catalogi/api/v1/roltypen/01406b4c-932e-44f8-a9e5-a51920fdf60b", "http://open-zaak.iszf.local/catalogi/api/v1/roltypen/8a2bc3fd-ecda-49f3-bfb0-cb501e87c330", "http://open-zaak.iszf.local/catalogi/api/v1/roltypen/0cf4fcac-7780-46e3-a41e-a3b851c438d1", "http://open-zaak.iszf.local/catalogi/api/v1/roltypen/f56e52b9-cca9-47e9-9852-5027ed8f1a05"], "besluittypen": [], "deelzaaktypen": [], "gerelateerde_zaaktypen": [], "begin_geldigheid": "2020-11-12", "einde_geldigheid": null, "versiedatum": "2020-11-12", "concept": false}, {"url": "http://open-zaak.iszf.local/catalogi/api/v1/zaaktypen/d414737f-f472-4488-aff0-033eeb47b7f4", "identificatie": "B1587", "omschrijving": "Jeugd en Gezin aanvraag", "omschrijving_generiek": "Jeugd en Gezin aanvraag", "vertrouwelijkheidaanduiding": "vertrouwelijk", "doel": "Het beoordelen van een aanvraag voor een beschikking voor een jeugdhulpvoorziening verleend door een professional", "aanleiding": "Dit werkproces wordt extern getriggerd door een inkomende aanvraag.", "toelichting": "Dit werkproces betreft het beoordelen van een aanvraag voor een beschikking voor een jeugdhulpvoorziening verleend door een professional. De professional heeft hierbij al in overleg met de jeugdige of zijn ouders een jeugdhulpverleningsplan opgesteld en door hen laten ondertekenen, zodat direct de individuele jeugdhulpvoorziening kan worden aangevraagd. Tevens heeft de professional al een voorstel opgesteld voor de beschikking. De professional kan in dit geval de gecertificeerde instelling zijn die kinderbeschermingsmaatregelen of jeugdreclasseringsmaatregelen uitvoert, maar het kan ook gaan om een GGZ-medewerker, leerkracht, huisarts, consultatiebureau-medewerker of peuterspeelzaal-medewerker.", "indicatie_intern_of_extern": "extern", "handeling_initiator": "Aanvragen", "onderwerp": "Jeugd en Gezin aanvraag", "handeling_behandelaar": "Behandelen", "doorlooptijd": "P14D", "servicenorm": null, "opschorting_en_aanhouding_mogelijk": false, "verlenging_mogelijk": false, "verlengingstermijn": null, "trefwoorden": ["Jeugd en Gezin"], "publicatie_indicatie": false, "publicatietekst": "", "verantwoordingsrelatie": [], "producten_of_diensten": ["https://referentielijsten-api.vng.cloud/api/v1/procestypen/3030daa1-d516-4cd9-8276-ef0977e32b20"], "selectielijst_procestype": "https://selectielijst.openzaak.nl/api/v1/procestypen/9be366e2-f63c-494a-8a77-62446251b006", "referentieproces": {"naam": "Behandelen verzoek ondersteuningsproduct", "link": "https://www.gemmaonline.nl/index.php/GEMMA2/0.9/id-1b8adc39-0288-4f7a-a0b9-c53ad4e348f5"}, "catalogus": "http://open-zaak.iszf.local/catalogi/api/v1/catalogussen/2c7831fe-8ed2-4bf2-a205-c3f032e51a49", "statustypen": ["http://open-zaak.iszf.local/catalogi/api/v1/statustypen/8829aece-125e-4d79-bd8e-27f81aca9e62", "http://open-zaak.iszf.local/catalogi/api/v1/statustypen/40a57623-1242-4a69-a70e-531bf199e0bc", "http://open-zaak.iszf.local/catalogi/api/v1/statustypen/c42592f5-2f35-4484-9e05-0ebb8ef7f94c", "http://open-zaak.iszf.local/catalogi/api/v1/statustypen/e7ff874d-686a-4543-bb44-42ba9e476fef", "http://open-zaak.iszf.local/catalogi/api/v1/statustypen/e57da4c2-761b-4c3b-9719-c5f13d178070", "http://open-zaak.iszf.local/catalogi/api/v1/statustypen/e4c28246-e2ef-411c-9c4b-b8f8475e6855", "http://open-zaak.iszf.local/catalogi/api/v1/statustypen/ff3c6ab4-e701-40d5-929b-8a925b92e1a9"], "resultaattypen": ["http://open-zaak.iszf.local/catalogi/api/v1/resultaattypen/4e243111-b8ea-40d4-b0d3-1c43a4bfc4ba", "http://open-zaak.iszf.local/catalogi/api/v1/resultaattypen/dd0dd822-ba0b-4d08-8ad2-e68e3eaf4251", "http://open-zaak.iszf.local/catalogi/api/v1/resultaattypen/a574d9b6-f5f5-465d-b639-835b0238a544"], "eigenschappen": [], "informatieobjecttypen": [], "roltypen": ["http://open-zaak.iszf.local/catalogi/api/v1/roltypen/e7e30d93-4d4e-43cd-b4a1-c2a740193f56", "http://open-zaak.iszf.local/catalogi/api/v1/roltypen/c04fd79f-77ed-4987-8171-7c3aff49176e", "http://open-zaak.iszf.local/catalogi/api/v1/roltypen/f2681cb4-8451-4795-9797-6ae4ddb65076", "http://open-zaak.iszf.local/catalogi/api/v1/roltypen/de79cc8c-23a9-489d-8de3-a0ced4312928", "http://open-zaak.iszf.local/catalogi/api/v1/roltypen/2637e4f8-7c38-4abf-b92b-65ad2d86d4bc", "http://open-zaak.iszf.local/catalogi/api/v1/roltypen/8a8e6abb-b937-476b-b460-50e1d5e52b1a", "http://open-zaak.iszf.local/catalogi/api/v1/roltypen/4e826eb0-eed7-4fec-8897-22f0e4339b02", "http://open-zaak.iszf.local/catalogi/api/v1/roltypen/2aae112e-d08d-4173-9139-c838a307108d", "http://open-zaak.iszf.local/catalogi/api/v1/roltypen/bdb2bc16-3ff7-40f1-9bdd-448f87e7b12b", "http://open-zaak.iszf.local/catalogi/api/v1/roltypen/98e3bf84-d4de-4b95-8aa8-73e65ac1c251", "http://open-zaak.iszf.local/catalogi/api/v1/roltypen/49925604-80f1-4e47-91eb-ca9a18427cc2"], "besluittypen": [], "deelzaaktypen": [], "gerelateerde_zaaktypen": [], "begin_geldigheid": "2020-11-13", "einde_geldigheid": null, "versiedatum": "2020-11-13", "concept": true}, {"url": "http://open-zaak.iszf.local/catalogi/api/v1/zaaktypen/c5363f14-3a0c-4002-8e45-76b30bb3fea1", "identificatie": "B1182", "omschrijving": "WMO voorziening huishoudelijke hulp", "omschrijving_generiek": "WMO voorziening huishoudelijke hulp", "vertrouwelijkheidaanduiding": "vertrouwelijk", "doel": "Het behandelen van een aanvraag voor een Wmo voorziening huishoudelijke hulp.", "aanleiding": "Dit werkproces wordt intern getriggerd door het ondersteuningsplan.", "toelichting": "Dit werkproces betreft het behandelen van een aanvraag voor een huishoudelijke voorziening in het kader van de Wmo 2015. Deze huishoudelijke hulp niveau II bestaat uit schoonmaakwerkzaamheden in combinatie met begeleiding om de cli\u00ebnt te leren en te stimuleren het huishouden te organiseren. De focus ligt hierbij op het gestructureerd voeren van een huishouden, meer dan op het schoonhouden van het huis. Deze voorziening kan onderdeel uitmaken van een maatwerkvoorziening voor multi-probleemgevallen.", "indicatie_intern_of_extern": "intern", "handeling_initiator": "Aanvragen", "onderwerp": "Aanvraag WMO voorziening huishoudelijke hulp behandelen", "handeling_behandelaar": "Behandelen", "doorlooptijd": "P14D", "servicenorm": "P14D", "opschorting_en_aanhouding_mogelijk": false, "verlenging_mogelijk": false, "verlengingstermijn": null, "trefwoorden": ["WMO huishoudelijke hulp"], "publicatie_indicatie": false, "publicatietekst": "", "verantwoordingsrelatie": [], "producten_of_diensten": ["https://referentielijsten-api.vng.cloud/api/v1/procestypen/3030daa1-d516-4cd9-8276-ef0977e32b20"], "selectielijst_procestype": "https://selectielijst.openzaak.nl/api/v1/procestypen/f4603775-5a08-4829-85c8-28017dfeee1f", "referentieproces": {"naam": "Behandelen verzoek ondersteuningsproduct", "link": "https://www.gemmaonline.nl/index.php/GEMMA2/0.9/id-1b8adc39-0288-4f7a-a0b9-c53ad4e348f5"}, "catalogus": "http://open-zaak.iszf.local/catalogi/api/v1/catalogussen/2c7831fe-8ed2-4bf2-a205-c3f032e51a49", "statustypen": ["http://open-zaak.iszf.local/catalogi/api/v1/statustypen/42f816ab-f74c-4cc6-9059-cd1842d7dfa0", "http://open-zaak.iszf.local/catalogi/api/v1/statustypen/32ec026a-93d4-4645-a993-3cedbeb865ff", "http://open-zaak.iszf.local/catalogi/api/v1/statustypen/f2efed84-4d5e-47a6-8a1b-c6b211bcd028", "http://open-zaak.iszf.local/catalogi/api/v1/statustypen/5bd1a863-db05-432a-b31b-a56400ed5555", "http://open-zaak.iszf.local/catalogi/api/v1/statustypen/8cea89b2-acb4-4e77-a250-09879d8d44d3", "http://open-zaak.iszf.local/catalogi/api/v1/statustypen/685e34f7-3b78-4a79-b60f-4b70e0c06e02", "http://open-zaak.iszf.local/catalogi/api/v1/statustypen/f2f3a99f-6436-4224-9a0f-baafcb909244"], "resultaattypen": ["http://open-zaak.iszf.local/catalogi/api/v1/resultaattypen/f7c92c53-e250-4600-8633-5d66be472e5f", "http://open-zaak.iszf.local/catalogi/api/v1/resultaattypen/93fdfb6e-c8fb-4800-ba96-615272ef1d85", "http://open-zaak.iszf.local/catalogi/api/v1/resultaattypen/ec1b4a6c-ae61-40ab-9178-130318af5acd", "http://open-zaak.iszf.local/catalogi/api/v1/resultaattypen/00e9a9e2-04ce-4799-a0fd-4a417549ca59"], "eigenschappen": [], "informatieobjecttypen": [], "roltypen": ["http://open-zaak.iszf.local/catalogi/api/v1/roltypen/eea5d784-2a5c-4740-a36f-bb80a670c97b", "http://open-zaak.iszf.local/catalogi/api/v1/roltypen/e8268741-4927-4b5c-9003-714cd7da3c71", "http://open-zaak.iszf.local/catalogi/api/v1/roltypen/148b6ad7-7aa0-4f36-a82f-e3ff3ea8641a", "http://open-zaak.iszf.local/catalogi/api/v1/roltypen/b0e94c2e-0272-482b-b1f4-e8d79c691b60", "http://open-zaak.iszf.local/catalogi/api/v1/roltypen/347bce85-e2e7-46ad-a410-50f6be3348f6", "http://open-zaak.iszf.local/catalogi/api/v1/roltypen/3d769342-daf2-4891-9aeb-952ec568d259", "http://open-zaak.iszf.local/catalogi/api/v1/roltypen/914e8d20-66b2-443e-a26e-4537833f85a9", "http://open-zaak.iszf.local/catalogi/api/v1/roltypen/e47c41f9-77c3-4e9f-8080-228b0ac5e2db", "http://open-zaak.iszf.local/catalogi/api/v1/roltypen/e853062e-071f-4ae9-86eb-c9a1318d67ec", "http://open-zaak.iszf.local/catalogi/api/v1/roltypen/fb3047c6-5f00-4eb7-9add-ee5662ac7727", "http://open-zaak.iszf.local/catalogi/api/v1/roltypen/e4c26ba9-8bcf-4b27-9ecf-589df8ff8188"], "besluittypen": [], "deelzaaktypen": [], "gerelateerde_zaaktypen": [], "begin_geldigheid": "2020-11-09", "einde_geldigheid": null, "versiedatum": "2020-11-09", "concept": true}]