[{"url": "http://fieldlab.westeurope.cloudapp.azure.com/catalogi/api/v1/zaaktype-informatieobjecttypen/8a561c51-53c7-4831-91df-c8127ff20853", "zaaktype": "http://fieldlab.westeurope.cloudapp.azure.com/catalogi/api/v1/zaaktypen/8a0ecb65-c3fd-4110-8599-297f84236ae5", "informatieobjecttype": "http://fieldlab.westeurope.cloudapp.azure.com/catalogi/api/v1/informatieobjecttypen/84a3aca4-58ca-465a-9f66-dfb5bbb84ccc", "volgnummer": 1, "richting": "inkomend", "statustype": null}, {"url": "http://fieldlab.westeurope.cloudapp.azure.com/catalogi/api/v1/zaaktype-informatieobjecttypen/d306f073-7805-4eb8-b7e6-41e31239c279", "zaaktype": "http://fieldlab.westeurope.cloudapp.azure.com/catalogi/api/v1/zaaktypen/8a0ecb65-c3fd-4110-8599-297f84236ae5", "informatieobjecttype": "http://fieldlab.westeurope.cloudapp.azure.com/catalogi/api/v1/informatieobjecttypen/065dc0d7-1afa-4e80-b9bf-281680fda6fd", "volgnummer": 2, "richting": "inkomend", "statustype": null}, {"url": "http://fieldlab.westeurope.cloudapp.azure.com/catalogi/api/v1/zaaktype-informatieobjecttypen/79863516-abe3-4b6d-88fe-77e84c2d34c5", "zaaktype": "http://fieldlab.westeurope.cloudapp.azure.com/catalogi/api/v1/zaaktypen/8a0ecb65-c3fd-4110-8599-297f84236ae5", "informatieobjecttype": "http://fieldlab.westeurope.cloudapp.azure.com/catalogi/api/v1/informatieobjecttypen/a7eceae7-2eda-4564-a721-785494a9929a", "volgnummer": 3, "richting": "inkomend", "statustype": null}, {"url": "http://fieldlab.westeurope.cloudapp.azure.com/catalogi/api/v1/zaaktype-informatieobjecttypen/b33b7f81-cc91-4b2b-b18e-ceda81af57f1", "zaaktype": "http://fieldlab.westeurope.cloudapp.azure.com/catalogi/api/v1/zaaktypen/8a0ecb65-c3fd-4110-8599-297f84236ae5", "informatieobjecttype": "http://fieldlab.westeurope.cloudapp.azure.com/catalogi/api/v1/informatieobjecttypen/ad5714b7-caf6-45f5-841f-7bca9ee0d586", "volgnummer": 4, "richting": "inkomend", "statustype": null}, {"url": "http://fieldlab.westeurope.cloudapp.azure.com/catalogi/api/v1/zaaktype-informatieobjecttypen/7f8a3ebd-ed34-4394-be0b-9fb287e1a9ec", "zaaktype": "http://fieldlab.westeurope.cloudapp.azure.com/catalogi/api/v1/zaaktypen/8a0ecb65-c3fd-4110-8599-297f84236ae5", "informatieobjecttype": "http://fieldlab.westeurope.cloudapp.azure.com/catalogi/api/v1/informatieobjecttypen/280adf17-d5ab-4525-b2f9-b10b33c8a7d7", "volgnummer": 5, "richting": "inkomend", "statustype": null}, {"url": "http://fieldlab.westeurope.cloudapp.azure.com/catalogi/api/v1/zaaktype-informatieobjecttypen/d5582170-ed96-40bd-bd39-9b759861339e", "zaaktype": "http://fieldlab.westeurope.cloudapp.azure.com/catalogi/api/v1/zaaktypen/8a0ecb65-c3fd-4110-8599-297f84236ae5", "informatieobjecttype": "http://fieldlab.westeurope.cloudapp.azure.com/catalogi/api/v1/informatieobjecttypen/5ffd0e49-ddb7-4289-9365-a1de4b998b2a", "volgnummer": 6, "richting": "inkomend", "statustype": null}, {"url": "http://fieldlab.westeurope.cloudapp.azure.com/catalogi/api/v1/zaaktype-informatieobjecttypen/6cf092f9-87ab-493f-9d4b-6f8007feb35f", "zaaktype": "http://fieldlab.westeurope.cloudapp.azure.com/catalogi/api/v1/zaaktypen/8a0ecb65-c3fd-4110-8599-297f84236ae5", "informatieobjecttype": "http://fieldlab.westeurope.cloudapp.azure.com/catalogi/api/v1/informatieobjecttypen/6a35f1cb-c6ea-4f03-b126-4e7138431c68", "volgnummer": 7, "richting": "inkomend", "statustype": null}, {"url": "http://fieldlab.westeurope.cloudapp.azure.com/catalogi/api/v1/zaaktype-informatieobjecttypen/ba2e09df-3000-4b56-b5f7-50438fca2a25", "zaaktype": "http://fieldlab.westeurope.cloudapp.azure.com/catalogi/api/v1/zaaktypen/8a0ecb65-c3fd-4110-8599-297f84236ae5", "informatieobjecttype": "http://fieldlab.westeurope.cloudapp.azure.com/catalogi/api/v1/informatieobjecttypen/e208d29e-8a19-4e40-b8a9-78a57b334c80", "volgnummer": 8, "richting": "inkomend", "statustype": null}, {"url": "http://fieldlab.westeurope.cloudapp.azure.com/catalogi/api/v1/zaaktype-informatieobjecttypen/6844b702-1f88-41db-829f-5f3c44c5cf08", "zaaktype": "http://fieldlab.westeurope.cloudapp.azure.com/catalogi/api/v1/zaaktypen/8a0ecb65-c3fd-4110-8599-297f84236ae5", "informatieobjecttype": "http://fieldlab.westeurope.cloudapp.azure.com/catalogi/api/v1/informatieobjecttypen/4208ac80-7587-4a42-8fc7-6ca25e5493e0", "volgnummer": 9, "richting": "inkomend", "statustype": null}, {"url": "http://fieldlab.westeurope.cloudapp.azure.com/catalogi/api/v1/zaaktype-informatieobjecttypen/51c4ab90-3572-453d-99bd-2e26eecf93c6", "zaaktype": "http://fieldlab.westeurope.cloudapp.azure.com/catalogi/api/v1/zaaktypen/8a0ecb65-c3fd-4110-8599-297f84236ae5", "informatieobjecttype": "http://fieldlab.westeurope.cloudapp.azure.com/catalogi/api/v1/informatieobjecttypen/532c7e0c-e3a9-496b-b713-2001ac17dae1", "volgnummer": 10, "richting": "inkomend", "statustype": null}, {"url": "http://fieldlab.westeurope.cloudapp.azure.com/catalogi/api/v1/zaaktype-informatieobjecttypen/280608f4-c027-4ad1-baa9-3e39fce237de", "zaaktype": "http://fieldlab.westeurope.cloudapp.azure.com/catalogi/api/v1/zaaktypen/8a0ecb65-c3fd-4110-8599-297f84236ae5", "informatieobjecttype": "http://fieldlab.westeurope.cloudapp.azure.com/catalogi/api/v1/informatieobjecttypen/d7da83c3-9847-495e-ac00-5df71e49f547", "volgnummer": 11, "richting": "inkomend", "statustype": null}, {"url": "http://fieldlab.westeurope.cloudapp.azure.com/catalogi/api/v1/zaaktype-informatieobjecttypen/fc200e0b-fcde-414b-8cc7-e05fdbb6a4a7", "zaaktype": "http://fieldlab.westeurope.cloudapp.azure.com/catalogi/api/v1/zaaktypen/8a0ecb65-c3fd-4110-8599-297f84236ae5", "informatieobjecttype": "http://fieldlab.westeurope.cloudapp.azure.com/catalogi/api/v1/informatieobjecttypen/7ae962cd-3328-49b2-a31d-16512aaed379", "volgnummer": 12, "richting": "inkomend", "statustype": null}, {"url": "http://fieldlab.westeurope.cloudapp.azure.com/catalogi/api/v1/zaaktype-informatieobjecttypen/e37b9359-907c-4fa4-b9b4-a25fe4e70fc5", "zaaktype": "http://fieldlab.westeurope.cloudapp.azure.com/catalogi/api/v1/zaaktypen/8a0ecb65-c3fd-4110-8599-297f84236ae5", "informatieobjecttype": "http://fieldlab.westeurope.cloudapp.azure.com/catalogi/api/v1/informatieobjecttypen/2460a8d9-966c-4dd5-b141-4ea1717b65db", "volgnummer": 13, "richting": "inkomend", "statustype": null}, {"url": "http://fieldlab.westeurope.cloudapp.azure.com/catalogi/api/v1/zaaktype-informatieobjecttypen/64b41a61-ba42-4875-a78b-bb107d712e74", "zaaktype": "http://fieldlab.westeurope.cloudapp.azure.com/catalogi/api/v1/zaaktypen/8a0ecb65-c3fd-4110-8599-297f84236ae5", "informatieobjecttype": "http://fieldlab.westeurope.cloudapp.azure.com/catalogi/api/v1/informatieobjecttypen/63ec67b5-4ea3-4034-8b61-a3e67499736d", "volgnummer": 14, "richting": "inkomend", "statustype": null}, {"url": "http://fieldlab.westeurope.cloudapp.azure.com/catalogi/api/v1/zaaktype-informatieobjecttypen/985e066f-64a6-4d46-b7eb-7051fa9c9141", "zaaktype": "http://fieldlab.westeurope.cloudapp.azure.com/catalogi/api/v1/zaaktypen/8a0ecb65-c3fd-4110-8599-297f84236ae5", "informatieobjecttype": "http://fieldlab.westeurope.cloudapp.azure.com/catalogi/api/v1/informatieobjecttypen/05f2200b-b0c9-4151-88b0-363707f4d453", "volgnummer": 15, "richting": "inkomend", "statustype": null}, {"url": "http://fieldlab.westeurope.cloudapp.azure.com/catalogi/api/v1/zaaktype-informatieobjecttypen/3daff6ed-ac18-4a63-a180-50a759d9849e", "zaaktype": "http://fieldlab.westeurope.cloudapp.azure.com/catalogi/api/v1/zaaktypen/8a0ecb65-c3fd-4110-8599-297f84236ae5", "informatieobjecttype": "http://fieldlab.westeurope.cloudapp.azure.com/catalogi/api/v1/informatieobjecttypen/88d5d73f-5a29-4f89-9d82-ee8fc627b991", "volgnummer": 16, "richting": "inkomend", "statustype": null}, {"url": "http://fieldlab.westeurope.cloudapp.azure.com/catalogi/api/v1/zaaktype-informatieobjecttypen/e8b658e8-e36a-4595-b812-056dd9fa7085", "zaaktype": "http://fieldlab.westeurope.cloudapp.azure.com/catalogi/api/v1/zaaktypen/8a0ecb65-c3fd-4110-8599-297f84236ae5", "informatieobjecttype": "http://fieldlab.westeurope.cloudapp.azure.com/catalogi/api/v1/informatieobjecttypen/a1871ae1-d159-4670-b693-d325da44b3d4", "volgnummer": 17, "richting": "inkomend", "statustype": null}]